linkage positions,3 Letter Code,Enantiomer L/D,Short Name,Ring f/p,anomer a/b,,Helper Column don't save me,,,,,,Notes
"4,3,2",TAA,D,Ara,p,a,,,,,,,,https://glycam.org/docs/forcefield/glycam-naming-2/index.html
"4,3",WAA,D,Ara,p,a,,,,,,,,"Technically 64^3 available codes, but cannot overlap with existing codes like ASN or ROH"
"4,2",YAA,D,Ara,p,a,,,,,,,,~2189 carbohydrates exist with current naming system
4,4AA,D,Ara,p,a,,,,,,,,
"3,2",ZAA,D,Ara,p,a,,,,,,,,
3,3AA,D,Ara,p,a,,,,,,,,
2,2AA,D,Ara,p,a,,,,,,,,
1,1AA,D,Ara,p,a,,,,,,,,
0,0AA,D,Ara,p,a,,,,,,,,
"4,3,2",TAB,D,Ara,p,b,,,,,,,,
"4,3",WAB,D,Ara,p,b,,,,,,,,
"4,2",YAB,D,Ara,p,b,,,,,,,,
4,4AB,D,Ara,p,b,,,,,,,,
"3,2",ZAB,D,Ara,p,b,,,,,,,,
3,3AB,D,Ara,p,b,,,,,,,,
2,2AB,D,Ara,p,b,,,,,,,,
1,1AB,D,Ara,p,b,,,,,,,,
0,0AB,D,Ara,p,b,,,,,,,,
"5,3,2",nAD,D,Ara,f,a,,,,,,,,
"5,3",tAD,D,Ara,f,a,,,,,,,,
"5,2",uAD,D,Ara,f,a,,,,,,,,
5,5AD,D,Ara,f,a,,,,,,,,
"3,2",ZAD,D,Ara,f,a,,,,,,,,
3,3AD,D,Ara,f,a,,,,,,,,
2,2AD,D,Ara,f,a,,,,,,,,
1,1AD,D,Ara,f,a,,,,,,,,
0,0AD,D,Ara,f,a,,,,,,,,
"5,3,2",nAU,D,Ara,f,b,,,,,,,,
"5,3",tAU,D,Ara,f,b,,,,,,,,
"5,2",uAU,D,Ara,f,b,,,,,,,,
5,5AU,D,Ara,f,b,,,,,,,,
"3,2",ZAU,D,Ara,f,b,,,,,,,,
3,3AU,D,Ara,f,b,,,,,,,,
2,2AU,D,Ara,f,b,,,,,,,,
1,1AU,D,Ara,f,b,,,,,,,,
0,0AU,D,Ara,f,b,,,,,,,,
"1,5,4,3",yBA,D,Sor,p,a,,,,,,,,
"1,5,4",vBA,D,Sor,p,a,,,,,,,,
"1,5,3",nBA,D,Sor,p,a,,,,,,,,
"1,5",uBA,D,Sor,p,a,,,,,,,,
"1,4,3",TBA,D,Sor,p,a,,,,,,,,
"1,4",YBA,D,Sor,p,a,,,,,,,,
"1,3",ZBA,D,Sor,p,a,,,,,,,,
1,1BA,D,Sor,p,a,,,,,,,,
"5,4,3",xBA,D,Sor,p,a,,,,,,,,
"5,4",sBA,D,Sor,p,a,,,,,,,,
"5,3",tBA,D,Sor,p,a,,,,,,,,
5,5BA,D,Sor,p,a,,,,,,,,
"4,3",WBA,D,Sor,p,a,,,,,,,,
4,4BA,D,Sor,p,a,,,,,,,,
3,3BA,D,Sor,p,a,,,,,,,,
2,2BA,D,Sor,p,a,,,,,,,,
0,0BA,D,Sor,p,a,,,,,,,,
"5,4,3,1",yBB,D,Sor,p,b,,,,,,,,
"5,4,3",xBB,D,Sor,p,b,,,,,,,,
"5,4,1",vBB,D,Sor,p,b,,,,,,,,
"5,4",sBB,D,Sor,p,b,,,,,,,,
"5,3,1",nBB,D,Sor,p,b,,,,,,,,
"5,3",tBB,D,Sor,p,b,,,,,,,,
"5,1",uBB,D,Sor,p,b,,,,,,,,
5,5BB,D,Sor,p,b,,,,,,,,
"4,3,1",TBB,D,Sor,p,b,,,,,,,,
"4,3",WBB,D,Sor,p,b,,,,,,,,
"4,1",YBB,D,Sor,p,b,,,,,,,,
4,4BB,D,Sor,p,b,,,,,,,,
"3,1",ZBB,D,Sor,p,b,,,,,,,,
3,3BB,D,Sor,p,b,,,,,,,,
1,1BB,D,Sor,p,b,,,,,,,,
2,2BB,D,Sor,p,b,,,,,,,,
0,0BB,D,Sor,p,b,,,,,,,,
3,3BC,D,Bac,p,a,,,,,,,,
1,1BC,D,Bac,p,a,,,,,,,,
0,0BC,D,Bac,p,a,,,,,,,,
"1,6,4,3",PBD,D,Sor,f,a,,,,,,,,
"1,6,4",RBD,D,Sor,f,a,,,,,,,,
"1,6,3",SBD,D,Sor,f,a,,,,,,,,
"1,6",XBD,D,Sor,f,a,,,,,,,,
"1,4,3",TBD,D,Sor,f,a,,,,,,,,
"1,4",YBD,D,Sor,f,a,,,,,,,,
"1,3",ZBD,D,Sor,f,a,,,,,,,,
1,1BD,D,Sor,f,a,,,,,,,,
"6,4,3",QBD,D,Sor,f,a,,,,,,,,
"6,4",UBD,D,Sor,f,a,,,,,,,,
"6,3",VBD,D,Sor,f,a,,,,,,,,
6,6BD,D,Sor,f,a,,,,,,,,
"4,3",WBD,D,Sor,f,a,,,,,,,,
4,4BD,D,Sor,f,a,,,,,,,,
3,3BD,D,Sor,f,a,,,,,,,,
2,2BD,D,Sor,f,a,,,,,,,,
0,0BD,D,Sor,f,a,,,,,,,,
"6,4,3,1",PBU,D,Sor,f,b,,,,,,,,
"6,4,3",QBU,D,Sor,f,b,,,,,,,,
"6,4,1",RBU,D,Sor,f,b,,,,,,,,
"6,4",UBU,D,Sor,f,b,,,,,,,,
"6,3,1",SBU,D,Sor,f,b,,,,,,,,
"6,3",VBU,D,Sor,f,b,,,,,,,,
"6,1",XBU,D,Sor,f,b,,,,,,,,
6,6BU,D,Sor,f,b,,,,,,,,
"4,3,1",TBU,D,Sor,f,b,,,,,,,,
"4,3",WBU,D,Sor,f,b,,,,,,,,
"4,1",YBU,D,Sor,f,b,,,,,,,,
4,4BU,D,Sor,f,b,,,,,,,,
"3,1",ZBU,D,Sor,f,b,,,,,,,,
3,3BU,D,Sor,f,b,,,,,,,,
1,1BU,D,Sor,f,b,,,,,,,,
2,2BU,D,Sor,f,b,,,,,,,,
0,0BU,D,Sor,f,b,,,,,,,,
"1,5,4,3",yCA,D,Fru,p,a,,,,,,,,
"1,5,4",vCA,D,Fru,p,a,,,,,,,,
"1,5,3",nCA,D,Fru,p,a,,,,,,,,
"1,5",uCA,D,Fru,p,a,,,,,,,,
"1,4,3",TCA,D,Fru,p,a,,,,,,,,
"1,4",YCA,D,Fru,p,a,,,,,,,,
"1,3",ZCA,D,Fru,p,a,,,,,,,,
1,1CA,D,Fru,p,a,,,,,,,,
"5,4,3",xCA,D,Fru,p,a,,,,,,,,
"5,4",sCA,D,Fru,p,a,,,,,,,,
"5,3",tCA,D,Fru,p,a,,,,,,,,
5,5CA,D,Fru,p,a,,,,,,,,
"4,3",WCA,D,Fru,p,a,,,,,,,,
4,4CA,D,Fru,p,a,,,,,,,,
3,3CA,D,Fru,p,a,,,,,,,,
2,2CA,D,Fru,p,a,,,,,,,,
0,0CA,D,Fru,p,a,,,,,,,,
"5,4,3,1",yCB,D,Fru,p,b,,,,,,,,
"5,4,3",xCB,D,Fru,p,b,,,,,,,,
"5,4,1",vCB,D,Fru,p,b,,,,,,,,
"5,4",sCB,D,Fru,p,b,,,,,,,,
"5,3,1",nCB,D,Fru,p,b,,,,,,,,
"5,3",tCB,D,Fru,p,b,,,,,,,,
"5,1",uCB,D,Fru,p,b,,,,,,,,
5,5CB,D,Fru,p,b,,,,,,,,
"4,3,1",TCB,D,Fru,p,b,,,,,,,,
"4,3",WCB,D,Fru,p,b,,,,,,,,
"4,1",YCB,D,Fru,p,b,,,,,,,,
4,4CB,D,Fru,p,b,,,,,,,,
"3,1",ZCB,D,Fru,p,b,,,,,,,,
3,3CB,D,Fru,p,b,,,,,,,,
1,1CB,D,Fru,p,b,,,,,,,,
2,2CB,D,Fru,p,b,,,,,,,,
0,0CB,D,Fru,p,b,,,,,,,,
"1,6,4,3",PCD,D,Fru,f,a,,,,,,,,
"1,6,4",RCD,D,Fru,f,a,,,,,,,,
"1,6,3",SCD,D,Fru,f,a,,,,,,,,
"1,6",XCD,D,Fru,f,a,,,,,,,,
"1,4,3",TCD,D,Fru,f,a,,,,,,,,
"1,4",YCD,D,Fru,f,a,,,,,,,,
"1,3",ZCD,D,Fru,f,a,,,,,,,,
1,1CD,D,Fru,f,a,,,,,,,,
"6,4,3",QCD,D,Fru,f,a,,,,,,,,
"6,4",UCD,D,Fru,f,a,,,,,,,,
"6,3",VCD,D,Fru,f,a,,,,,,,,
6,6CD,D,Fru,f,a,,,,,,,,
"4,3",WCD,D,Fru,f,a,,,,,,,,
4,4CD,D,Fru,f,a,,,,,,,,
3,3CD,D,Fru,f,a,,,,,,,,
2,2CD,D,Fru,f,a,,,,,,,,
0,0CD,D,Fru,f,a,,,,,,,,
"6,4,3,1",PCU,D,Fru,f,b,,,,,,,,
"6,4,3",QCU,D,Fru,f,b,,,,,,,,
"6,4,1",RCU,D,Fru,f,b,,,,,,,,
"6,4",UCU,D,Fru,f,b,,,,,,,,
"6,3,1",SCU,D,Fru,f,b,,,,,,,,
"6,3",VCU,D,Fru,f,b,,,,,,,,
"6,1",XCU,D,Fru,f,b,,,,,,,,
6,6CU,D,Fru,f,b,,,,,,,,
"4,3,1",TCU,D,Fru,f,b,,,,,,,,
"4,3",WCU,D,Fru,f,b,,,,,,,,
"4,1",YCU,D,Fru,f,b,,,,,,,,
4,4CU,D,Fru,f,b,,,,,,,,
"3,1",ZCU,D,Fru,f,b,,,,,,,,
3,3CU,D,Fru,f,b,,,,,,,,
1,1CU,D,Fru,f,b,,,,,,,,
2,2CU,D,Fru,f,b,,,,,,,,
0,0CU,D,Fru,f,b,,,,,,,,
"4,3,2",TDA,D,Lyx,p,a,,,,,,,,
"4,3",WDA,D,Lyx,p,a,,,,,,,,
"4,2",YDA,D,Lyx,p,a,,,,,,,,
4,4DA,D,Lyx,p,a,,,,,,,,
"3,2",ZDA,D,Lyx,p,a,,,,,,,,
3,3DA,D,Lyx,p,a,,,,,,,,
2,2DA,D,Lyx,p,a,,,,,,,,
1,1DA,D,Lyx,p,a,,,,,,,,
0,0DA,D,Lyx,p,a,,,,,,,,
"4,3,2",TDB,D,Lyx,p,b,,,,,,,,
"4,3",WDB,D,Lyx,p,b,,,,,,,,
"4,2",YDB,D,Lyx,p,b,,,,,,,,
4,4DB,D,Lyx,p,b,,,,,,,,
"3,2",ZDB,D,Lyx,p,b,,,,,,,,
3,3DB,D,Lyx,p,b,,,,,,,,
2,2DB,D,Lyx,p,b,,,,,,,,
1,1DB,D,Lyx,p,b,,,,,,,,
0,0DB,D,Lyx,p,b,,,,,,,,
"5,3,2",nDD,D,Lyx,f,a,,,,,,,,
"5,3",tDD,D,Lyx,f,a,,,,,,,,
"5,2",uDD,D,Lyx,f,a,,,,,,,,
5,5DD,D,Lyx,f,a,,,,,,,,
"3,2",ZDD,D,Lyx,f,a,,,,,,,,
3,3DD,D,Lyx,f,a,,,,,,,,
2,2DD,D,Lyx,f,a,,,,,,,,
1,1DD,D,Lyx,f,a,,,,,,,,
0,0DD,D,Lyx,f,a,,,,,,,,
"5,3,2",nDU,D,Lyx,f,b,,,,,,,,
"5,3",tDU,D,Lyx,f,b,,,,,,,,
"5,2",uDU,D,Lyx,f,b,,,,,,,,
5,5DU,D,Lyx,f,b,,,,,,,,
"3,2",ZDU,D,Lyx,f,b,,,,,,,,
3,3DU,D,Lyx,f,b,,,,,,,,
2,2DU,D,Lyx,f,b,,,,,,,,
1,1DU,D,Lyx,f,b,,,,,,,,
0,0DU,D,Lyx,f,b,,,,,,,,
"6,4,3,2",PEA,D,Alt,p,a,,,,,,,,
"6,4,3",QEA,D,Alt,p,a,,,,,,,,
"6,4,2",REA,D,Alt,p,a,,,,,,,,
"6,4",UEA,D,Alt,p,a,,,,,,,,
"6,3,2",SEA,D,Alt,p,a,,,,,,,,
"6,3",VEA,D,Alt,p,a,,,,,,,,
"6,2",XEA,D,Alt,p,a,,,,,,,,
6,6EA,D,Alt,p,a,,,,,,,,
"4,3,2",TEA,D,Alt,p,a,,,,,,,,
"4,3",WEA,D,Alt,p,a,,,,,,,,
"4,2",YEA,D,Alt,p,a,,,,,,,,
4,4EA,D,Alt,p,a,,,,,,,,
"3,2",ZEA,D,Alt,p,a,,,,,,,,
3,3EA,D,Alt,p,a,,,,,,,,
2,2EA,D,Alt,p,a,,,,,,,,
1,1EA,D,Alt,p,a,,,,,,,,
0,0EA,D,Alt,p,a,,,,,,,,
"6,4,3,2",PEB,D,Alt,p,b,,,,,,,,
"6,4,3",QEB,D,Alt,p,b,,,,,,,,
"6,4,2",REB,D,Alt,p,b,,,,,,,,
"6,4",UEB,D,Alt,p,b,,,,,,,,
"6,3,2",SEB,D,Alt,p,b,,,,,,,,
"6,3",VEB,D,Alt,p,b,,,,,,,,
"6,2",XEB,D,Alt,p,b,,,,,,,,
6,6EB,D,Alt,p,b,,,,,,,,
"4,3,2",TEB,D,Alt,p,b,,,,,,,,
"4,3",WEB,D,Alt,p,b,,,,,,,,
"4,2",YEB,D,Alt,p,b,,,,,,,,
4,4EB,D,Alt,p,b,,,,,,,,
"3,2",ZEB,D,Alt,p,b,,,,,,,,
3,3EB,D,Alt,p,b,,,,,,,,
2,2EB,D,Alt,p,b,,,,,,,,
1,1EB,D,Alt,p,b,,,,,,,,
0,0EB,D,Alt,p,b,,,,,,,,
"4,3,2",TFA,D,Fuc,p,a,,,,,,,,
"4,3",WFA,D,Fuc,p,a,,,,,,,,
"4,2",YFA,D,Fuc,p,a,,,,,,,,
4,4FA,D,Fuc,p,a,,,,,,,,
"3,2",ZFA,D,Fuc,p,a,,,,,,,,
3,3FA,D,Fuc,p,a,,,,,,,,
2,2FA,D,Fuc,p,a,,,,,,,,
1,1FA,D,Fuc,p,a,,,,,,,,
0,0FA,D,Fuc,p,a,,,,,,,,
"4,3,2",TFB,D,Fuc,p,b,,,,,,,,
"4,3",WFB,D,Fuc,p,b,,,,,,,,
"4,2",YFB,D,Fuc,p,b,,,,,,,,
4,4FB,D,Fuc,p,b,,,,,,,,
"3,2",ZFB,D,Fuc,p,b,,,,,,,,
3,3FB,D,Fuc,p,b,,,,,,,,
2,2FB,D,Fuc,p,b,,,,,,,,
1,1FB,D,Fuc,p,b,,,,,,,,
0,0FB,D,Fuc,p,b,,,,,,,,
"6,4,3,2",PGA,D,Glc,p,a,,,,,,,,
"6,4,3",QGA,D,Glc,p,a,,,,,,,,
"6,4,2",RGA,D,Glc,p,a,,,,,,,,
"6,4",UGA,D,Glc,p,a,,,,,,,,
"6,3,2",SGA,D,Glc,p,a,,,,,,,,
"6,3",VGA,D,Glc,p,a,,,,,,,,
"6,2",XGA,D,Glc,p,a,,,,,,,,
6,6GA,D,Glc,p,a,,,,,,,,
"4,3,2",TGA,D,Glc,p,a,,,,,,,,
"4,3",WGA,D,Glc,p,a,,,,,,,,
"4,2",YGA,D,Glc,p,a,,,,,,,,
4,4GA,D,Glc,p,a,,,,,,,,
"3,2",ZGA,D,Glc,p,a,,,,,,,,
3,3GA,D,Glc,p,a,,,,,,,,
2,2GA,D,Glc,p,a,,,,,,,,
1,1GA,D,Glc,p,a,,,,,,,,
0,0GA,D,Glc,p,a,,,,,,,,
"6,4,3,2",PGB,D,Glc,p,b,,,,,,,,
"6,4,3",QGB,D,Glc,p,b,,,,,,,,
"6,4,2",RGB,D,Glc,p,b,,,,,,,,
"6,4",UGB,D,Glc,p,b,,,,,,,,
"6,3,2",SGB,D,Glc,p,b,,,,,,,,
"6,3",VGB,D,Glc,p,b,,,,,,,,
"6,2",XGB,D,Glc,p,b,,,,,,,,
6,6GB,D,Glc,p,b,,,,,,,,
"4,3,2",TGB,D,Glc,p,b,,,,,,,,
"4,3",WGB,D,Glc,p,b,,,,,,,,
"4,2",YGB,D,Glc,p,b,,,,,,,,
4,4GB,D,Glc,p,b,,,,,,,,
"3,2",ZGB,D,Glc,p,b,,,,,,,,
3,3GB,D,Glc,p,b,,,,,,,,
2,2GB,D,Glc,p,b,,,,,,,,
1,1GB,D,Glc,p,b,,,,,,,,
0,0GB,D,Glc,p,b,,,,,,,,
"9,8,7,4",AGL,D,Neup5Gc,p,a,,,,,,,,
"9,8,7",BGL,D,Neup5Gc,p,a,,,,,,,,
"9,8,4",CGL,D,Neup5Gc,p,a,,,,,,,,
"9,8",FGL,D,Neup5Gc,p,a,,,,,,,,
"9,7,4",DGL,D,Neup5Gc,p,a,,,,,,,,
"9,7",GGL,D,Neup5Gc,p,a,,,,,,,,
"9,4",IGL,D,Neup5Gc,p,a,,,,,,,,
9,9GL,D,Neup5Gc,p,a,,,,,,,,
"8,7,4",EGL,D,Neup5Gc,p,a,,,,,,,,
"8,7",HGL,D,Neup5Gc,p,a,,,,,,,,
"8,4",JGL,D,Neup5Gc,p,a,,,,,,,,
8,8GL,D,Neup5Gc,p,a,,,,,,,,
"7,4",KGL,D,Neup5Gc,p,a,,,,,,,,
7,7GL,D,Neup5Gc,p,a,,,,,,,,
4,4GL,D,Neup5Gc,p,a,,,,,,,,
2,2GL,D,Neup5Gc,p,a,,,,,,,,
0,0GL,D,Neup5Gc,p,a,,,,,,,,
"4,3,2",THA,D,Rha,p,a,,,,,,,,
"4,3",WHA,D,Rha,p,a,,,,,,,,
"4,2",YHA,D,Rha,p,a,,,,,,,,
4,4HA,D,Rha,p,a,,,,,,,,
"3,2",ZHA,D,Rha,p,a,,,,,,,,
3,3HA,D,Rha,p,a,,,,,,,,
2,2HA,D,Rha,p,a,,,,,,,,
1,1HA,D,Rha,p,a,,,,,,,,
0,0HA,D,Rha,p,a,,,,,,,,
"4,3,2",THB,D,Rha,p,b,,,,,,,,
"4,3",WHB,D,Rha,p,b,,,,,,,,
"4,2",YHB,D,Rha,p,b,,,,,,,,
4,4HB,D,Rha,p,b,,,,,,,,
"3,2",ZHB,D,Rha,p,b,,,,,,,,
3,3HB,D,Rha,p,b,,,,,,,,
2,2HB,D,Rha,p,b,,,,,,,,
1,1HB,D,Rha,p,b,,,,,,,,
0,0HB,D,Rha,p,b,,,,,,,,
"1,5,4,3",yJA,D,Tag,p,a,,,,,,,,
"1,5,4",vJA,D,Tag,p,a,,,,,,,,
"1,5,3",nJA,D,Tag,p,a,,,,,,,,
"1,5",uJA,D,Tag,p,a,,,,,,,,
"1,4,3",TJA,D,Tag,p,a,,,,,,,,
"1,4",YJA,D,Tag,p,a,,,,,,,,
"1,3",ZJA,D,Tag,p,a,,,,,,,,
1,1JA,D,Tag,p,a,,,,,,,,
"5,4,3",xJA,D,Tag,p,a,,,,,,,,
"5,4",sJA,D,Tag,p,a,,,,,,,,
"5,3",tJA,D,Tag,p,a,,,,,,,,
5,5JA,D,Tag,p,a,,,,,,,,
"4,3",WJA,D,Tag,p,a,,,,,,,,
4,4JA,D,Tag,p,a,,,,,,,,
3,3JA,D,Tag,p,a,,,,,,,,
2,2JA,D,Tag,p,a,,,,,,,,
0,0JA,D,Tag,p,a,,,,,,,,
"5,4,3,1",yJB,D,Tag,p,b,,,,,,,,
"5,4,3",xJB,D,Tag,p,b,,,,,,,,
"5,4,1",vJB,D,Tag,p,b,,,,,,,,
"5,4",sJB,D,Tag,p,b,,,,,,,,
"5,3,1",nJB,D,Tag,p,b,,,,,,,,
"5,3",tJB,D,Tag,p,b,,,,,,,,
"5,1",uJB,D,Tag,p,b,,,,,,,,
5,5JB,D,Tag,p,b,,,,,,,,
"4,3,1",TJB,D,Tag,p,b,,,,,,,,
"4,3",WJB,D,Tag,p,b,,,,,,,,
"4,1",YJB,D,Tag,p,b,,,,,,,,
4,4JB,D,Tag,p,b,,,,,,,,
"3,1",ZJB,D,Tag,p,b,,,,,,,,
3,3JB,D,Tag,p,b,,,,,,,,
1,1JB,D,Tag,p,b,,,,,,,,
2,2JB,D,Tag,p,b,,,,,,,,
0,0JB,D,Tag,p,b,,,,,,,,
"1,6,4,3",PJD,D,Tag,f,a,,,,,,,,
"1,6,4",RJD,D,Tag,f,a,,,,,,,,
"1,6,3",SJD,D,Tag,f,a,,,,,,,,
"1,6",XJD,D,Tag,f,a,,,,,,,,
"1,4,3",TJD,D,Tag,f,a,,,,,,,,
"1,4",YJD,D,Tag,f,a,,,,,,,,
"1,3",ZJD,D,Tag,f,a,,,,,,,,
1,1JD,D,Tag,f,a,,,,,,,,
"6,4,3",QJD,D,Tag,f,a,,,,,,,,
"6,4",UJD,D,Tag,f,a,,,,,,,,
"6,3",VJD,D,Tag,f,a,,,,,,,,
6,6JD,D,Tag,f,a,,,,,,,,
"4,3",WJD,D,Tag,f,a,,,,,,,,
4,4JD,D,Tag,f,a,,,,,,,,
3,3JD,D,Tag,f,a,,,,,,,,
2,2JD,D,Tag,f,a,,,,,,,,
0,0JD,D,Tag,f,a,,,,,,,,
"6,4,3,1",PJU,D,Tag,f,b,,,,,,,,
"6,4,3",QJU,D,Tag,f,b,,,,,,,,
"6,4,1",RJU,D,Tag,f,b,,,,,,,,
"6,4",UJU,D,Tag,f,b,,,,,,,,
"6,3,1",SJU,D,Tag,f,b,,,,,,,,
"6,3",VJU,D,Tag,f,b,,,,,,,,
"6,1",XJU,D,Tag,f,b,,,,,,,,
6,6JU,D,Tag,f,b,,,,,,,,
"4,3,1",TJU,D,Tag,f,b,,,,,,,,
"4,3",WJU,D,Tag,f,b,,,,,,,,
"4,1",YJU,D,Tag,f,b,,,,,,,,
4,4JU,D,Tag,f,b,,,,,,,,
"3,1",ZJU,D,Tag,f,b,,,,,,,,
3,3JU,D,Tag,f,b,,,,,,,,
1,1JU,D,Tag,f,b,,,,,,,,
2,2JU,D,Tag,f,b,,,,,,,,
0,0JU,D,Tag,f,b,,,,,,,,
"6,4,3,2",PKA,D,Gul,p,a,,,,,,,,
"6,4,3",QKA,D,Gul,p,a,,,,,,,,
"6,4,2",RKA,D,Gul,p,a,,,,,,,,
"6,4",UKA,D,Gul,p,a,,,,,,,,
"6,3,2",SKA,D,Gul,p,a,,,,,,,,
"6,3",VKA,D,Gul,p,a,,,,,,,,
"6,2",XKA,D,Gul,p,a,,,,,,,,
6,6KA,D,Gul,p,a,,,,,,,,
"4,3,2",TKA,D,Gul,p,a,,,,,,,,
"4,3",WKA,D,Gul,p,a,,,,,,,,
"4,2",YKA,D,Gul,p,a,,,,,,,,
4,4KA,D,Gul,p,a,,,,,,,,
"3,2",ZKA,D,Gul,p,a,,,,,,,,
3,3KA,D,Gul,p,a,,,,,,,,
2,2KA,D,Gul,p,a,,,,,,,,
1,1KA,D,Gul,p,a,,,,,,,,
0,0KA,D,Gul,p,a,,,,,,,,
"6,4,3,2",PKB,D,Gul,p,b,,,,,,,,
"6,4,3",QKB,D,Gul,p,b,,,,,,,,
"6,4,2",RKB,D,Gul,p,b,,,,,,,,
"6,4",UKB,D,Gul,p,b,,,,,,,,
"6,3,2",SKB,D,Gul,p,b,,,,,,,,
"6,3",VKB,D,Gul,p,b,,,,,,,,
"6,2",XKB,D,Gul,p,b,,,,,,,,
6,6KB,D,Gul,p,b,,,,,,,,
"4,3,2",TKB,D,Gul,p,b,,,,,,,,
"4,3",WKB,D,Gul,p,b,,,,,,,,
"4,2",YKB,D,Gul,p,b,,,,,,,,
4,4KB,D,Gul,p,b,,,,,,,,
"3,2",ZKB,D,Gul,p,b,,,,,,,,
3,3KB,D,Gul,p,b,,,,,,,,
2,2KB,D,Gul,p,b,,,,,,,,
1,1KB,D,Gul,p,b,,,,,,,,
0,0KB,D,Gul,p,b,,,,,,,,
"6,4,3,2",PLA,D,Gal,p,a,,,,,,,,
"6,4,3",QLA,D,Gal,p,a,,,,,,,,
"6,4,2",RLA,D,Gal,p,a,,,,,,,,
"6,4",ULA,D,Gal,p,a,,,,,,,,
"6,3,2",SLA,D,Gal,p,a,,,,,,,,
"6,3",VLA,D,Gal,p,a,,,,,,,,
"6,2",XLA,D,Gal,p,a,,,,,,,,
6,6LA,D,Gal,p,a,,,,,,,,
"4,3,2",TLA,D,Gal,p,a,,,,,,,,
"4,3",WLA,D,Gal,p,a,,,,,,,,
"4,2",YLA,D,Gal,p,a,,,,,,,,
4,4LA,D,Gal,p,a,,,,,,,,
"3,2",ZLA,D,Gal,p,a,,,,,,,,
3,3LA,D,Gal,p,a,,,,,,,,
2,2LA,D,Gal,p,a,,,,,,,,
1,1LA,D,Gal,p,a,,,,,,,,
0,0LA,D,Gal,p,a,,,,,,,,
"6,4,3,2",PLB,D,Gal,p,b,,,,,,,,
"6,4,3",QLB,D,Gal,p,b,,,,,,,,
"6,4,2",RLB,D,Gal,p,b,,,,,,,,
"6,4",ULB,D,Gal,p,b,,,,,,,,
"6,3,2",SLB,D,Gal,p,b,,,,,,,,
"6,3",VLB,D,Gal,p,b,,,,,,,,
"6,2",XLB,D,Gal,p,b,,,,,,,,
6,6LB,D,Gal,p,b,,,,,,,,
"4,3,2",TLB,D,Gal,p,b,,,,,,,,
"4,3",WLB,D,Gal,p,b,,,,,,,,
"4,2",YLB,D,Gal,p,b,,,,,,,,
4,4LB,D,Gal,p,b,,,,,,,,
"3,2",ZLB,D,Gal,p,b,,,,,,,,
3,3LB,D,Gal,p,b,,,,,,,,
2,2LB,D,Gal,p,b,,,,,,,,
1,1LB,D,Gal,p,b,,,,,,,,
0,0LB,D,Gal,p,b,,,,,,,,
"6,4,3,2",PMA,D,Man,p,a,,,,,,,,
"6,4,3",QMA,D,Man,p,a,,,,,,,,
"6,4,2",RMA,D,Man,p,a,,,,,,,,
"6,4",UMA,D,Man,p,a,,,,,,,,
"6,3,2",SMA,D,Man,p,a,,,,,,,,
"6,3",VMA,D,Man,p,a,,,,,,,,
"6,2",XMA,D,Man,p,a,,,,,,,,
6,6MA,D,Man,p,a,,,,,,,,
"4,3,2",TMA,D,Man,p,a,,,,,,,,
"4,3",WMA,D,Man,p,a,,,,,,,,
"4,2",YMA,D,Man,p,a,,,,,,,,
4,4MA,D,Man,p,a,,,,,,,,
"3,2",ZMA,D,Man,p,a,,,,,,,,
3,3MA,D,Man,p,a,,,,,,,,
2,2MA,D,Man,p,a,,,,,,,,
1,1MA,D,Man,p,a,,,,,,,,
0,0MA,D,Man,p,a,,,,,,,,
"6,4,3,2",PMB,D,Man,p,b,,,,,,,,
"6,4,3",QMB,D,Man,p,b,,,,,,,,
"6,4,2",RMB,D,Man,p,b,,,,,,,,
"6,4",UMB,D,Man,p,b,,,,,,,,
"6,3,2",SMB,D,Man,p,b,,,,,,,,
"6,3",VMB,D,Man,p,b,,,,,,,,
"6,2",XMB,D,Man,p,b,,,,,,,,
6,6MB,D,Man,p,b,,,,,,,,
"4,3,2",TMB,D,Man,p,b,,,,,,,,
"4,3",WMB,D,Man,p,b,,,,,,,,
"4,2",YMB,D,Man,p,b,,,,,,,,
4,4MB,D,Man,p,b,,,,,,,,
"3,2",ZMB,D,Man,p,b,,,,,,,,
3,3MB,D,Man,p,b,,,,,,,,
2,2MB,D,Man,p,b,,,,,,,,
1,1MB,D,Man,p,b,,,,,,,,
0,0MB,D,Man,p,b,,,,,,,,
"6,4,3,2",PNA,D,All,p,a,,,,,,,,
"6,4,3",QNA,D,All,p,a,,,,,,,,
"6,4,2",RNA,D,All,p,a,,,,,,,,
"6,4",UNA,D,All,p,a,,,,,,,,
"6,3,2",SNA,D,All,p,a,,,,,,,,
"6,3",VNA,D,All,p,a,,,,,,,,
"6,2",XNA,D,All,p,a,,,,,,,,
6,6NA,D,All,p,a,,,,,,,,
"4,3,2",TNA,D,All,p,a,,,,,,,,
"4,3",WNA,D,All,p,a,,,,,,,,
"4,2",YNA,D,All,p,a,,,,,,,,
4,4NA,D,All,p,a,,,,,,,,
"3,2",ZNA,D,All,p,a,,,,,,,,
3,3NA,D,All,p,a,,,,,,,,
2,2NA,D,All,p,a,,,,,,,,
1,1NA,D,All,p,a,,,,,,,,
0,0NA,D,All,p,a,,,,,,,,
"6,4,3,2",PNB,D,All,p,b,,,,,,,,
"6,4,3",QNB,D,All,p,b,,,,,,,,
"6,4,2",RNB,D,All,p,b,,,,,,,,
"6,4",UNB,D,All,p,b,,,,,,,,
"6,3,2",SNB,D,All,p,b,,,,,,,,
"6,3",VNB,D,All,p,b,,,,,,,,
"6,2",XNB,D,All,p,b,,,,,,,,
6,6NB,D,All,p,b,,,,,,,,
"4,3,2",TNB,D,All,p,b,,,,,,,,
"4,3",WNB,D,All,p,b,,,,,,,,
"4,2",YNB,D,All,p,b,,,,,,,,
4,4NB,D,All,p,b,,,,,,,,
"3,2",ZNB,D,All,p,b,,,,,,,,
3,3NB,D,All,p,b,,,,,,,,
2,2NB,D,All,p,b,,,,,,,,
1,1NB,D,All,p,b,,,,,,,,
0,0NB,D,All,p,b,,,,,,,,
"4,3,2",TOA,D,GalA,p,a,,,,,,,,
"4,3",WOA,D,GalA,p,a,,,,,,,,
"4,2",YOA,D,GalA,p,a,,,,,,,,
4,4OA,D,GalA,p,a,,,,,,,,
"3,2",ZOA,D,GalA,p,a,,,,,,,,
3,3OA,D,GalA,p,a,,,,,,,,
2,2OA,D,GalA,p,a,,,,,,,,
1,1OA,D,GalA,p,a,,,,,,,,
0,0OA,D,GalA,p,a,,,,,,,,
"4,3,2",TOB,D,GalA,p,b,,,,,,,,
"4,3",WOB,D,GalA,p,b,,,,,,,,
"4,2",YOB,D,GalA,p,b,,,,,,,,
4,4OB,D,GalA,p,b,,,,,,,,
"3,2",ZOB,D,GalA,p,b,,,,,,,,
3,3OB,D,GalA,p,b,,,,,,,,
2,2OB,D,GalA,p,b,,,,,,,,
1,1OB,D,GalA,p,b,,,,,,,,
0,0OB,D,GalA,p,b,,,,,,,,
"1,5,4,3",yPA,D,Psi,p,a,,,,,,,,
"1,5,4",vPA,D,Psi,p,a,,,,,,,,
"1,5,3",nPA,D,Psi,p,a,,,,,,,,
"1,5",uPA,D,Psi,p,a,,,,,,,,
"1,4,3",TPA,D,Psi,p,a,,,,,,,,
"1,4",YPA,D,Psi,p,a,,,,,,,,
"1,3",ZPA,D,Psi,p,a,,,,,,,,
1,1PA,D,Psi,p,a,,,,,,,,
"5,4,3",xPA,D,Psi,p,a,,,,,,,,
"5,4",sPA,D,Psi,p,a,,,,,,,,
"5,3",tPA,D,Psi,p,a,,,,,,,,
5,5PA,D,Psi,p,a,,,,,,,,
"4,3",WPA,D,Psi,p,a,,,,,,,,
4,4PA,D,Psi,p,a,,,,,,,,
3,3PA,D,Psi,p,a,,,,,,,,
2,2PA,D,Psi,p,a,,,,,,,,
0,0PA,D,Psi,p,a,,,,,,,,
"5,4,3,1",yPB,D,Psi,p,b,,,,,,,,
"5,4,3",xPB,D,Psi,p,b,,,,,,,,
"5,4,1",vPB,D,Psi,p,b,,,,,,,,
"5,4",sPB,D,Psi,p,b,,,,,,,,
"5,3,1",nPB,D,Psi,p,b,,,,,,,,
"5,3",tPB,D,Psi,p,b,,,,,,,,
"5,1",uPB,D,Psi,p,b,,,,,,,,
5,5PB,D,Psi,p,b,,,,,,,,
"4,3,1",TPB,D,Psi,p,b,,,,,,,,
"4,3",WPB,D,Psi,p,b,,,,,,,,
"4,1",YPB,D,Psi,p,b,,,,,,,,
4,4PB,D,Psi,p,b,,,,,,,,
"3,1",ZPB,D,Psi,p,b,,,,,,,,
3,3PB,D,Psi,p,b,,,,,,,,
1,1PB,D,Psi,p,b,,,,,,,,
2,2PB,D,Psi,p,b,,,,,,,,
0,0PB,D,Psi,p,b,,,,,,,,
"1,6,4,3",PPD,D,Psi,f,a,,,,,,,,
"1,6,4",RPD,D,Psi,f,a,,,,,,,,
"1,6,3",SPD,D,Psi,f,a,,,,,,,,
"1,6",XPD,D,Psi,f,a,,,,,,,,
"1,4,3",TPD,D,Psi,f,a,,,,,,,,
"1,4",YPD,D,Psi,f,a,,,,,,,,
"1,3",ZPD,D,Psi,f,a,,,,,,,,
1,1PD,D,Psi,f,a,,,,,,,,
"6,4,3",QPD,D,Psi,f,a,,,,,,,,
"6,4",UPD,D,Psi,f,a,,,,,,,,
"6,3",VPD,D,Psi,f,a,,,,,,,,
6,6PD,D,Psi,f,a,,,,,,,,
"4,3",WPD,D,Psi,f,a,,,,,,,,
4,4PD,D,Psi,f,a,,,,,,,,
3,3PD,D,Psi,f,a,,,,,,,,
2,2PD,D,Psi,f,a,,,,,,,,
0,0PD,D,Psi,f,a,,,,,,,,
"6,4,3,1",PPU,D,Psi,f,b,,,,,,,,
"6,4,3",QPU,D,Psi,f,b,,,,,,,,
"6,4,1",RPU,D,Psi,f,b,,,,,,,,
"6,4",UPU,D,Psi,f,b,,,,,,,,
"6,3,1",SPU,D,Psi,f,b,,,,,,,,
"6,3",VPU,D,Psi,f,b,,,,,,,,
"6,1",XPU,D,Psi,f,b,,,,,,,,
6,6PU,D,Psi,f,b,,,,,,,,
"4,3,1",TPU,D,Psi,f,b,,,,,,,,
"4,3",WPU,D,Psi,f,b,,,,,,,,
"4,1",YPU,D,Psi,f,b,,,,,,,,
4,4PU,D,Psi,f,b,,,,,,,,
"3,1",ZPU,D,Psi,f,b,,,,,,,,
3,3PU,D,Psi,f,b,,,,,,,,
1,1PU,D,Psi,f,b,,,,,,,,
2,2PU,D,Psi,f,b,,,,,,,,
0,0PU,D,Psi,f,b,,,,,,,,
"4,3,2",TQA,D,Qui,p,a,,,,,,,,
"4,3",WQA,D,Qui,p,a,,,,,,,,
"4,2",YQA,D,Qui,p,a,,,,,,,,
4,4QA,D,Qui,p,a,,,,,,,,
"3,2",ZQA,D,Qui,p,a,,,,,,,,
3,3QA,D,Qui,p,a,,,,,,,,
2,2QA,D,Qui,p,a,,,,,,,,
1,1QA,D,Qui,p,a,,,,,,,,
0,0QA,D,Qui,p,a,,,,,,,,
"4,3,2",TQB,D,Qui,p,b,,,,,,,,
"4,3",WQB,D,Qui,p,b,,,,,,,,
"4,2",YQB,D,Qui,p,b,,,,,,,,
4,4QB,D,Qui,p,b,,,,,,,,
"3,2",ZQB,D,Qui,p,b,,,,,,,,
3,3QB,D,Qui,p,b,,,,,,,,
2,2QB,D,Qui,p,b,,,,,,,,
1,1QB,D,Qui,p,b,,,,,,,,
0,0QB,D,Qui,p,b,,,,,,,,
"4,3,2",TRA,D,Rib,p,a,,,,,,,,
"4,3",WRA,D,Rib,p,a,,,,,,,,
"4,2",YRA,D,Rib,p,a,,,,,,,,
4,4RA,D,Rib,p,a,,,,,,,,
"3,2",ZRA,D,Rib,p,a,,,,,,,,
3,3RA,D,Rib,p,a,,,,,,,,
2,2RA,D,Rib,p,a,,,,,,,,
1,1RA,D,Rib,p,a,,,,,,,,
0,0RA,D,Rib,p,a,,,,,,,,
"4,3,2",TRB,D,Rib,p,b,,,,,,,,
"4,3",WRB,D,Rib,p,b,,,,,,,,
"4,2",YRB,D,Rib,p,b,,,,,,,,
4,4RB,D,Rib,p,b,,,,,,,,
"3,2",ZRB,D,Rib,p,b,,,,,,,,
3,3RB,D,Rib,p,b,,,,,,,,
2,2RB,D,Rib,p,b,,,,,,,,
1,1RB,D,Rib,p,b,,,,,,,,
0,0RB,D,Rib,p,b,,,,,,,,
"5,3,2",nRD,D,Rib,f,a,,,,,,,,
"5,3",tRD,D,Rib,f,a,,,,,,,,
"5,2",uRD,D,Rib,f,a,,,,,,,,
5,5RD,D,Rib,f,a,,,,,,,,
"3,2",ZRD,D,Rib,f,a,,,,,,,,
3,3RD,D,Rib,f,a,,,,,,,,
2,2RD,D,Rib,f,a,,,,,,,,
1,1RD,D,Rib,f,a,,,,,,,,
0,0RD,D,Rib,f,a,,,,,,,,
"5,3,2",nRU,D,Rib,f,b,,,,,,,,
"5,3",tRU,D,Rib,f,b,,,,,,,,
"5,2",uRU,D,Rib,f,b,,,,,,,,
5,5RU,D,Rib,f,b,,,,,,,,
"3,2",ZRU,D,Rib,f,b,,,,,,,,
3,3RU,D,Rib,f,b,,,,,,,,
2,2RU,D,Rib,f,b,,,,,,,,
1,1RU,D,Rib,f,b,,,,,,,,
0,0RU,D,Rib,f,b,,,,,,,,
"9,8,7,4",ASA,D,Neu5Ac,p,a,,,,,,,,
"9,8,7",BSA,D,Neu5Ac,p,a,,,,,,,,
"9,8,4",CSA,D,Neu5Ac,p,a,,,,,,,,
"9,8",FSA,D,Neu5Ac,p,a,,,,,,,,
"9,7,4",DSA,D,Neu5Ac,p,a,,,,,,,,
"9,7",GSA,D,Neu5Ac,p,a,,,,,,,,
"9,4",ISA,D,Neu5Ac,p,a,,,,,,,,
9,9SA,D,Neu5Ac,p,a,,,,,,,,
"8,7,4",ESA,D,Neu5Ac,p,a,,,,,,,,
"8,7",HSA,D,Neu5Ac,p,a,,,,,,,,
"8,4",JSA,D,Neu5Ac,p,a,,,,,,,,
8,8SA,D,Neu5Ac,p,a,,,,,,,,
"7,4",KSA,D,Neu5Ac,p,a,,,,,,,,
7,7SA,D,Neu5Ac,p,a,,,,,,,,
4,4SA,D,Neu5Ac,p,a,,,,,,,,
2,2SA,D,Neu5Ac,p,a,,,,,,,,
0,0SA,D,Neu5Ac,p,a,,,,,,,,
"7,8,9,4",ASB,D,Neu5Ac,p,b,,,,,,,,
"7,8,9",BSB,D,Neu5Ac,p,b,,,,,,,,
"7,8,4",ESB,D,Neu5Ac,p,b,,,,,,,,
"7,8",HSB,D,Neu5Ac,p,b,,,,,,,,
"7,9,4",DSB,D,Neu5Ac,p,b,,,,,,,,
"7,9",GSB,D,Neu5Ac,p,b,,,,,,,,
"7,4",KSB,D,Neu5Ac,p,b,,,,,,,,
7,7SB,D,Neu5Ac,p,b,,,,,,,,
"8,9,4",CSB,D,Neu5Ac,p,b,,,,,,,,
"8,9",FSB,D,Neu5Ac,p,b,,,,,,,,
"8,4",JSB,D,Neu5Ac,p,b,,,,,,,,
8,8SB,D,Neu5Ac,p,b,,,,,,,,
"9,4",ISB,D,Neu5Ac,p,b,,,,,,,,
9,9SB,D,Neu5Ac,p,b,,,,,,,,
4,4SB,D,Neu5Ac,p,b,,,,,,,,
2,2SB,D,Neu5Ac,p,b,,,,,,,,
0,0SB,D,Neu5Ac,p,b,,,,,,,,
"6,4,3,2",PTA,D,Tal,p,a,,,,,,,,
"6,4,3",QTA,D,Tal,p,a,,,,,,,,
"6,4,2",RTA,D,Tal,p,a,,,,,,,,
"6,4",UTA,D,Tal,p,a,,,,,,,,
"6,3,2",STA,D,Tal,p,a,,,,,,,,
"6,3",VTA,D,Tal,p,a,,,,,,,,
"6,2",XTA,D,Tal,p,a,,,,,,,,
6,6TA,D,Tal,p,a,,,,,,,,
"4,3,2",TTA,D,Tal,p,a,,,,,,,,
"4,3",WTA,D,Tal,p,a,,,,,,,,
"4,2",YTA,D,Tal,p,a,,,,,,,,
4,4TA,D,Tal,p,a,,,,,,,,
"3,2",ZTA,D,Tal,p,a,,,,,,,,
3,3TA,D,Tal,p,a,,,,,,,,
2,2TA,D,Tal,p,a,,,,,,,,
1,1TA,D,Tal,p,a,,,,,,,,
0,0TA,D,Tal,p,a,,,,,,,,
"6,4,3,2",PTB,D,Tal,p,b,,,,,,,,
"6,4,3",QTB,D,Tal,p,b,,,,,,,,
"6,4,2",RTB,D,Tal,p,b,,,,,,,,
"6,4",UTB,D,Tal,p,b,,,,,,,,
"6,3,2",STB,D,Tal,p,b,,,,,,,,
"6,3",VTB,D,Tal,p,b,,,,,,,,
"6,2",XTB,D,Tal,p,b,,,,,,,,
6,6TB,D,Tal,p,b,,,,,,,,
"4,3,2",TTB,D,Tal,p,b,,,,,,,,
"4,3",WTB,D,Tal,p,b,,,,,,,,
"4,2",YTB,D,Tal,p,b,,,,,,,,
4,4TB,D,Tal,p,b,,,,,,,,
"3,2",ZTB,D,Tal,p,b,,,,,,,,
3,3TB,D,Tal,p,b,,,,,,,,
2,2TB,D,Tal,p,b,,,,,,,,
1,1TB,D,Tal,p,b,,,,,,,,
0,0TB,D,Tal,p,b,,,,,,,,
"4,2",YTV,D,Tyvpa,p,a,,,,,,,,
4,4TV,D,Tyvpa,p,a,,,,,,,,
2,2TV,D,Tyvpa,p,a,,,,,,,,
1,1TV,D,Tyvpa,p,a,,,,,,,,
0,0TV,D,Tyvpa,p,a,,,,,,,,
"4,2",YTv,D,Tyvpa,p,b,,,,,,,,
4,4Tv,D,Tyvpa,p,b,,,,,,,,
2,2Tv,D,Tyvpa,p,b,,,,,,,,
1,1Tv,D,Tyvpa,p,b,,,,,,,,
0,0Tv,D,Tyvpa,p,b,,,,,,,,
"4,3,2",TUA,D,IdoA,p,a,,,,,,,,
"4,3",WUA,D,IdoA,p,a,,,,,,,,
"4,2",YUA,D,IdoA,p,a,,,,,,,,
4,4UA,D,IdoA,p,a,,,,,,,,
"3,2",ZUA,D,IdoA,p,a,,,,,,,,
3,3UA,D,IdoA,p,a,,,,,,,,
2,2UA,D,IdoA,p,a,,,,,,,,
1,1UA,D,IdoA,p,a,,,,,,,,
0,0UA,D,IdoA,p,a,,,,,,,,
"4,3,2",TUB,D,IdoA,p,b,,,,,,,,
"4,3",WUB,D,IdoA,p,b,,,,,,,,
"4,2",YUB,D,IdoA,p,b,,,,,,,,
4,4UB,D,IdoA,p,b,,,,,,,,
"3,2",ZUB,D,IdoA,p,b,,,,,,,,
3,3UB,D,IdoA,p,b,,,,,,,,
2,2UB,D,IdoA,p,b,,,,,,,,
1,1UB,D,IdoA,p,b,,,,,,,,
0,0UB,D,IdoA,p,b,,,,,,,,
"6,4,3",QVA,D,GalNAc,p,a,,,,,,,,
"6,4",UVA,D,GalNAc,p,a,,,,,,,,
"6,3",VVA,D,GalNAc,p,a,,,,,,,,
6,6VA,D,GalNAc,p,a,,,,,,,,
"4,3",WVA,D,GalNAc,p,a,,,,,,,,
4,4VA,D,GalNAc,p,a,,,,,,,,
3,3VA,D,GalNAc,p,a,,,,,,,,
1,1VA,D,GalNAc,p,a,,,,,,,,
0,0VA,D,GalNAc,p,a,,,,,,,,
"6,4,3",QVB,D,GalNAc,p,b,,,,,,,,
"6,4",UVB,D,GalNAc,p,b,,,,,,,,
"6,3",VVB,D,GalNAc,p,b,,,,,,,,
6,6VB,D,GalNAc,p,b,,,,,,,,
"4,3",WVB,D,GalNAc,p,b,,,,,,,,
4,4VB,D,GalNAc,p,b,,,,,,,,
3,3VB,D,GalNAc,p,b,,,,,,,,
1,1VB,D,GalNAc,p,b,,,,,,,,
0,0VB,D,GalNAc,p,b,,,,,,,,
"6,4,3",QWA,D,ManNAc,p,a,,,,,,,,
"6,4",UWA,D,ManNAc,p,a,,,,,,,,
"6,3",VWA,D,ManNAc,p,a,,,,,,,,
6,6WA,D,ManNAc,p,a,,,,,,,,
"4,3",WWA,D,ManNAc,p,a,,,,,,,,
4,4WA,D,ManNAc,p,a,,,,,,,,
3,3WA,D,ManNAc,p,a,,,,,,,,
1,1WA,D,ManNAc,p,a,,,,,,,,
0,0WA,D,ManNAc,p,a,,,,,,,,
"6,4,3",QWB,D,ManNAc,p,b,,,,,,,,
"6,4",UWB,D,ManNAc,p,b,,,,,,,,
"6,3",VWB,D,ManNAc,p,b,,,,,,,,
6,6WB,D,ManNAc,p,b,,,,,,,,
"4,3",WWB,D,ManNAc,p,b,,,,,,,,
4,4WB,D,ManNAc,p,b,,,,,,,,
3,3WB,D,ManNAc,p,b,,,,,,,,
1,1WB,D,ManNAc,p,b,,,,,,,,
0,0WB,D,ManNAc,p,b,,,,,,,,
"4,3,2",TXA,D,Xyl,p,a,,,,,,,,
"4,3",WXA,D,Xyl,p,a,,,,,,,,
"4,2",YXA,D,Xyl,p,a,,,,,,,,
4,4XA,D,Xyl,p,a,,,,,,,,
"3,2",ZXA,D,Xyl,p,a,,,,,,,,
3,3XA,D,Xyl,p,a,,,,,,,,
2,2XA,D,Xyl,p,a,,,,,,,,
1,1XA,D,Xyl,p,a,,,,,,,,
0,0XA,D,Xyl,p,a,,,,,,,,
"4,3,2",TXB,D,Xyl,p,b,,,,,,,,
"4,3",WXB,D,Xyl,p,b,,,,,,,,
"4,2",YXB,D,Xyl,p,b,,,,,,,,
4,4XB,D,Xyl,p,b,,,,,,,,
"3,2",ZXB,D,Xyl,p,b,,,,,,,,
3,3XB,D,Xyl,p,b,,,,,,,,
2,2XB,D,Xyl,p,b,,,,,,,,
1,1XB,D,Xyl,p,b,,,,,,,,
0,0XB,D,Xyl,p,b,,,,,,,,
"5,3,2",nXD,D,Xyl,f,a,,,,,,,,
"5,3",tXD,D,Xyl,f,a,,,,,,,,
"5,2",uXD,D,Xyl,f,a,,,,,,,,
5,5XD,D,Xyl,f,a,,,,,,,,
"3,2",ZXD,D,Xyl,f,a,,,,,,,,
3,3XD,D,Xyl,f,a,,,,,,,,
2,2XD,D,Xyl,f,a,,,,,,,,
1,1XD,D,Xyl,f,a,,,,,,,,
0,0XD,D,Xyl,f,a,,,,,,,,
"5,3,2",nXU,D,Xyl,f,b,,,,,,,,
"5,3",tXU,D,Xyl,f,b,,,,,,,,
"5,2",uXU,D,Xyl,f,b,,,,,,,,
5,5XU,D,Xyl,f,b,,,,,,,,
"3,2",ZXU,D,Xyl,f,b,,,,,,,,
3,3XU,D,Xyl,f,b,,,,,,,,
2,2XU,D,Xyl,f,b,,,,,,,,
1,1XU,D,Xyl,f,b,,,,,,,,
0,0XU,D,Xyl,f,b,,,,,,,,
"6,4,3",QYA,D,GlcNAc,p,a,,,,,,,,
"6,4",UYA,D,GlcNAc,p,a,,,,,,,,
"6,3",VYA,D,GlcNAc,p,a,,,,,,,,
6,6YA,D,GlcNAc,p,a,,,,,,,,
"4,3",WYA,D,GlcNAc,p,a,,,,,,,,
4,4YA,D,GlcNAc,p,a,,,,,,,,
3,3YA,D,GlcNAc,p,a,,,,,,,,
1,1YA,D,GlcNAc,p,a,,,,,,,,
0,0YA,D,GlcNAc,p,a,,,,,,,,
"6,4,3",QYB,D,GlcNAc,p,b,,,,,,,,
"6,4",UYB,D,GlcNAc,p,b,,,,,,,,
"6,3",VYB,D,GlcNAc,p,b,,,,,,,,
6,6YB,D,GlcNAc,p,b,,,,,,,,
"4,3",WYB,D,GlcNAc,p,b,,,,,,,,
4,4YB,D,GlcNAc,p,b,,,,,,,,
3,3YB,D,GlcNAc,p,b,,,,,,,,
1,1YB,D,GlcNAc,p,b,,,,,,,,
0,0YB,D,GlcNAc,p,b,,,,,,,,
"4,3,2",TZA,D,GlcA,p,a,,,,,,,,
"4,3",WZA,D,GlcA,p,a,,,,,,,,
"4,2",YZA,D,GlcA,p,a,,,,,,,,
4,4ZA,D,GlcA,p,a,,,,,,,,
"3,2",ZZA,D,GlcA,p,a,,,,,,,,
3,3ZA,D,GlcA,p,a,,,,,,,,
2,2ZA,D,GlcA,p,a,,,,,,,,
1,1ZA,D,GlcA,p,a,,,,,,,,
0,0ZA,D,GlcA,p,a,,,,,,,,
"4,3,2",TZB,D,GlcA,p,b,,,,,,,,
"4,3",WZB,D,GlcA,p,b,,,,,,,,
"4,2",YZB,D,GlcA,p,b,,,,,,,,
4,4ZB,D,GlcA,p,b,,,,,,,,
"3,2",ZZB,D,GlcA,p,b,,,,,,,,
3,3ZB,D,GlcA,p,b,,,,,,,,
2,2ZB,D,GlcA,p,b,,,,,,,,
1,1ZB,D,GlcA,p,b,,,,,,,,
0,0ZB,D,GlcA,p,b,,,,,,,,
"4,3,2",TaA,L,Ara,p,a,,,,,,,,
"4,3",WaA,L,Ara,p,a,,,,,,,,
"4,2",YaA,L,Ara,p,a,,,,,,,,
4,4aA,L,Ara,p,a,,,,,,,,
"3,2",ZaA,L,Ara,p,a,,,,,,,,
3,3aA,L,Ara,p,a,,,,,,,,
2,2aA,L,Ara,p,a,,,,,,,,
1,1aA,L,Ara,p,a,,,,,,,,
0,0aA,L,Ara,p,a,,,,,,,,
"4,3,2",TaB,L,Ara,p,b,,,,,,,,
"4,3",WaB,L,Ara,p,b,,,,,,,,
"4,2",YaB,L,Ara,p,b,,,,,,,,
4,4aB,L,Ara,p,b,,,,,,,,
"3,2",ZaB,L,Ara,p,b,,,,,,,,
3,3aB,L,Ara,p,b,,,,,,,,
2,2aB,L,Ara,p,b,,,,,,,,
1,1aB,L,Ara,p,b,,,,,,,,
0,0aB,L,Ara,p,b,,,,,,,,
"5,3,2",naD,L,Ara,f,a,,,,,,,,
"5,3",taD,L,Ara,f,a,,,,,,,,
"5,2",uaD,L,Ara,f,a,,,,,,,,
5,5aD,L,Ara,f,a,,,,,,,,
"3,2",ZaD,L,Ara,f,a,,,,,,,,
3,3aD,L,Ara,f,a,,,,,,,,
2,2aD,L,Ara,f,a,,,,,,,,
1,1aD,L,Ara,f,a,,,,,,,,
0,0aD,L,Ara,f,a,,,,,,,,
"5,3,2",naU,L,Ara,f,b,,,,,,,,
"5,3",taU,L,Ara,f,b,,,,,,,,
"5,2",uaU,L,Ara,f,b,,,,,,,,
5,5aU,L,Ara,f,b,,,,,,,,
"3,2",ZaU,L,Ara,f,b,,,,,,,,
3,3aU,L,Ara,f,b,,,,,,,,
2,2aU,L,Ara,f,b,,,,,,,,
1,1aU,L,Ara,f,b,,,,,,,,
0,0aU,L,Ara,f,b,,,,,,,,
"5,4,3,1",ybA,L,Sor,p,a,,,,,,,,
"5,4,3",xbA,L,Sor,p,a,,,,,,,,
"5,4,1",vbA,L,Sor,p,a,,,,,,,,
"5,4",sbA,L,Sor,p,a,,,,,,,,
"5,3,1",nbA,L,Sor,p,a,,,,,,,,
"5,3",tbA,L,Sor,p,a,,,,,,,,
"5,1",ubA,L,Sor,p,a,,,,,,,,
5,5bA,L,Sor,p,a,,,,,,,,
"4,3,1",TbA,L,Sor,p,a,,,,,,,,
"4,3",WbA,L,Sor,p,a,,,,,,,,
"4,1",YbA,L,Sor,p,a,,,,,,,,
4,4bA,L,Sor,p,a,,,,,,,,
"3,1",ZbA,L,Sor,p,a,,,,,,,,
3,3bA,L,Sor,p,a,,,,,,,,
1,1bA,L,Sor,p,a,,,,,,,,
2,2bA,L,Sor,p,a,,,,,,,,
0,0bA,L,Sor,p,a,,,,,,,,
"1,5,4,3",ybB,L,Sor,p,b,,,,,,,,
"1,5,4",vbB,L,Sor,p,b,,,,,,,,
"1,5,3",nbB,L,Sor,p,b,,,,,,,,
"1,5",ubB,L,Sor,p,b,,,,,,,,
"1,4,3",TbB,L,Sor,p,b,,,,,,,,
"1,4",YbB,L,Sor,p,b,,,,,,,,
"1,3",ZbB,L,Sor,p,b,,,,,,,,
1,1bB,L,Sor,p,b,,,,,,,,
"5,4,3",xbB,L,Sor,p,b,,,,,,,,
"5,4",sbB,L,Sor,p,b,,,,,,,,
"5,3",tbB,L,Sor,p,b,,,,,,,,
5,5bB,L,Sor,p,b,,,,,,,,
"4,3",WbB,L,Sor,p,b,,,,,,,,
4,4bB,L,Sor,p,b,,,,,,,,
3,3bB,L,Sor,p,b,,,,,,,,
2,2bB,L,Sor,p,b,,,,,,,,
0,0bB,L,Sor,p,b,,,,,,,,
3,3bC,L,Bacpa,p,a,,,,,,,,
1,1bC,L,Bacpa,p,a,,,,,,,,
0,0bC,L,Bacpa,p,a,,,,,,,,
"6,4,3,1",PbD,L,Sor,f,a,,,,,,,,
"6,4,3",QbD,L,Sor,f,a,,,,,,,,
"6,4,1",RbD,L,Sor,f,a,,,,,,,,
"6,4",UbD,L,Sor,f,a,,,,,,,,
"6,3,1",SbD,L,Sor,f,a,,,,,,,,
"6,3",VbD,L,Sor,f,a,,,,,,,,
"6,1",XbD,L,Sor,f,a,,,,,,,,
6,6bD,L,Sor,f,a,,,,,,,,
"4,3,1",TbD,L,Sor,f,a,,,,,,,,
"4,3",WbD,L,Sor,f,a,,,,,,,,
"4,1",YbD,L,Sor,f,a,,,,,,,,
4,4bD,L,Sor,f,a,,,,,,,,
"3,1",ZbD,L,Sor,f,a,,,,,,,,
3,3bD,L,Sor,f,a,,,,,,,,
1,1bD,L,Sor,f,a,,,,,,,,
2,2bD,L,Sor,f,a,,,,,,,,
0,0bD,L,Sor,f,a,,,,,,,,
"1,6,4,3",PbU,L,Sor,f,b,,,,,,,,
"1,6,4",RbU,L,Sor,f,b,,,,,,,,
"1,6,3",SbU,L,Sor,f,b,,,,,,,,
"1,6",XbU,L,Sor,f,b,,,,,,,,
"1,4,3",TbU,L,Sor,f,b,,,,,,,,
"1,4",YbU,L,Sor,f,b,,,,,,,,
"1,3",ZbU,L,Sor,f,b,,,,,,,,
1,1bU,L,Sor,f,b,,,,,,,,
"6,4,3",QbU,L,Sor,f,b,,,,,,,,
"6,4",UbU,L,Sor,f,b,,,,,,,,
"6,3",VbU,L,Sor,f,b,,,,,,,,
6,6bU,L,Sor,f,b,,,,,,,,
"4,3",WbU,L,Sor,f,b,,,,,,,,
4,4bU,L,Sor,f,b,,,,,,,,
3,3bU,L,Sor,f,b,,,,,,,,
2,2bU,L,Sor,f,b,,,,,,,,
0,0bU,L,Sor,f,b,,,,,,,,
"5,4,3,1",ycA,L,Fru,p,a,,,,,,,,
"5,4,3",xcA,L,Fru,p,a,,,,,,,,
"5,4,1",vcA,L,Fru,p,a,,,,,,,,
"5,4",scA,L,Fru,p,a,,,,,,,,
"5,3,1",ncA,L,Fru,p,a,,,,,,,,
"5,3",tcA,L,Fru,p,a,,,,,,,,
"5,1",ucA,L,Fru,p,a,,,,,,,,
5,5cA,L,Fru,p,a,,,,,,,,
"4,3,1",TcA,L,Fru,p,a,,,,,,,,
"4,3",WcA,L,Fru,p,a,,,,,,,,
"4,1",YcA,L,Fru,p,a,,,,,,,,
4,4cA,L,Fru,p,a,,,,,,,,
"3,1",ZcA,L,Fru,p,a,,,,,,,,
3,3cA,L,Fru,p,a,,,,,,,,
1,1cA,L,Fru,p,a,,,,,,,,
2,2cA,L,Fru,p,a,,,,,,,,
0,0cA,L,Fru,p,a,,,,,,,,
"1,5,4,3",ycB,L,Fru,p,b,,,,,,,,
"1,5,4",vcB,L,Fru,p,b,,,,,,,,
"1,5,3",ncB,L,Fru,p,b,,,,,,,,
"1,5",ucB,L,Fru,p,b,,,,,,,,
"1,4,3",TcB,L,Fru,p,b,,,,,,,,
"1,4",YcB,L,Fru,p,b,,,,,,,,
"1,3",ZcB,L,Fru,p,b,,,,,,,,
1,1cB,L,Fru,p,b,,,,,,,,
"5,4,3",xcB,L,Fru,p,b,,,,,,,,
"5,4",scB,L,Fru,p,b,,,,,,,,
"5,3",tcB,L,Fru,p,b,,,,,,,,
5,5cB,L,Fru,p,b,,,,,,,,
"4,3",WcB,L,Fru,p,b,,,,,,,,
4,4cB,L,Fru,p,b,,,,,,,,
3,3cB,L,Fru,p,b,,,,,,,,
2,2cB,L,Fru,p,b,,,,,,,,
0,0cB,L,Fru,p,b,,,,,,,,
"6,4,3,1",PcD,L,Fru,f,a,,,,,,,,
"6,4,3",QcD,L,Fru,f,a,,,,,,,,
"6,4,1",RcD,L,Fru,f,a,,,,,,,,
"6,4",UcD,L,Fru,f,a,,,,,,,,
"6,3,1",ScD,L,Fru,f,a,,,,,,,,
"6,3",VcD,L,Fru,f,a,,,,,,,,
"6,1",XcD,L,Fru,f,a,,,,,,,,
6,6cD,L,Fru,f,a,,,,,,,,
"4,3,1",TcD,L,Fru,f,a,,,,,,,,
"4,3",WcD,L,Fru,f,a,,,,,,,,
"4,1",YcD,L,Fru,f,a,,,,,,,,
4,4cD,L,Fru,f,a,,,,,,,,
"3,1",ZcD,L,Fru,f,a,,,,,,,,
3,3cD,L,Fru,f,a,,,,,,,,
1,1cD,L,Fru,f,a,,,,,,,,
2,2cD,L,Fru,f,a,,,,,,,,
0,0cD,L,Fru,f,a,,,,,,,,
"1,6,4,3",PcU,L,Fru,f,b,,,,,,,,
"1,6,4",RcU,L,Fru,f,b,,,,,,,,
"1,6,3",ScU,L,Fru,f,b,,,,,,,,
"1,6",XcU,L,Fru,f,b,,,,,,,,
"1,4,3",TcU,L,Fru,f,b,,,,,,,,
"1,4",YcU,L,Fru,f,b,,,,,,,,
"1,3",ZcU,L,Fru,f,b,,,,,,,,
1,1cU,L,Fru,f,b,,,,,,,,
"6,4,3",QcU,L,Fru,f,b,,,,,,,,
"6,4",UcU,L,Fru,f,b,,,,,,,,
"6,3",VcU,L,Fru,f,b,,,,,,,,
6,6cU,L,Fru,f,b,,,,,,,,
"4,3",WcU,L,Fru,f,b,,,,,,,,
4,4cU,L,Fru,f,b,,,,,,,,
3,3cU,L,Fru,f,b,,,,,,,,
2,2cU,L,Fru,f,b,,,,,,,,
0,0cU,L,Fru,f,b,,,,,,,,
"4,3,2",TdA,L,Lyx,p,a,,,,,,,,
"4,3",WdA,L,Lyx,p,a,,,,,,,,
"4,2",YdA,L,Lyx,p,a,,,,,,,,
4,4dA,L,Lyx,p,a,,,,,,,,
"3,2",ZdA,L,Lyx,p,a,,,,,,,,
3,3dA,L,Lyx,p,a,,,,,,,,
2,2dA,L,Lyx,p,a,,,,,,,,
1,1dA,L,Lyx,p,a,,,,,,,,
0,0dA,L,Lyx,p,a,,,,,,,,
"4,3,2",TdB,L,Lyx,p,b,,,,,,,,
"4,3",WdB,L,Lyx,p,b,,,,,,,,
"4,2",YdB,L,Lyx,p,b,,,,,,,,
4,4dB,L,Lyx,p,b,,,,,,,,
"3,2",ZdB,L,Lyx,p,b,,,,,,,,
3,3dB,L,Lyx,p,b,,,,,,,,
2,2dB,L,Lyx,p,b,,,,,,,,
1,1dB,L,Lyx,p,b,,,,,,,,
0,0dB,L,Lyx,p,b,,,,,,,,
"5,3,2",ndD,L,Lyx,f,a,,,,,,,,
"5,3",tdD,L,Lyx,f,a,,,,,,,,
"5,2",udD,L,Lyx,f,a,,,,,,,,
5,5dD,L,Lyx,f,a,,,,,,,,
"3,2",ZdD,L,Lyx,f,a,,,,,,,,
3,3dD,L,Lyx,f,a,,,,,,,,
2,2dD,L,Lyx,f,a,,,,,,,,
1,1dD,L,Lyx,f,a,,,,,,,,
0,0dD,L,Lyx,f,a,,,,,,,,
"5,3,2",ndU,L,Lyx,f,b,,,,,,,,
"5,3",tdU,L,Lyx,f,b,,,,,,,,
"5,2",udU,L,Lyx,f,b,,,,,,,,
5,5dU,L,Lyx,f,b,,,,,,,,
"3,2",ZdU,L,Lyx,f,b,,,,,,,,
3,3dU,L,Lyx,f,b,,,,,,,,
2,2dU,L,Lyx,f,b,,,,,,,,
1,1dU,L,Lyx,f,b,,,,,,,,
0,0dU,L,Lyx,f,b,,,,,,,,
"6,4,3,2",PeA,L,Alt,p,a,,,,,,,,
"6,4,3",QeA,L,Alt,p,a,,,,,,,,
"6,4,2",ReA,L,Alt,p,a,,,,,,,,
"6,4",UeA,L,Alt,p,a,,,,,,,,
"6,3,2",SeA,L,Alt,p,a,,,,,,,,
"6,3",VeA,L,Alt,p,a,,,,,,,,
"6,2",XeA,L,Alt,p,a,,,,,,,,
6,6eA,L,Alt,p,a,,,,,,,,
"4,3,2",TeA,L,Alt,p,a,,,,,,,,
"4,3",WeA,L,Alt,p,a,,,,,,,,
"4,2",YeA,L,Alt,p,a,,,,,,,,
4,4eA,L,Alt,p,a,,,,,,,,
"3,2",ZeA,L,Alt,p,a,,,,,,,,
3,3eA,L,Alt,p,a,,,,,,,,
2,2eA,L,Alt,p,a,,,,,,,,
1,1eA,L,Alt,p,a,,,,,,,,
0,0eA,L,Alt,p,a,,,,,,,,
"6,4,3,2",PeB,L,Alt,p,b,,,,,,,,
"6,4,3",QeB,L,Alt,p,b,,,,,,,,
"6,4,2",ReB,L,Alt,p,b,,,,,,,,
"6,4",UeB,L,Alt,p,b,,,,,,,,
"6,3,2",SeB,L,Alt,p,b,,,,,,,,
"6,3",VeB,L,Alt,p,b,,,,,,,,
"6,2",XeB,L,Alt,p,b,,,,,,,,
6,6eB,L,Alt,p,b,,,,,,,,
"4,3,2",TeB,L,Alt,p,b,,,,,,,,
"4,3",WeB,L,Alt,p,b,,,,,,,,
"4,2",YeB,L,Alt,p,b,,,,,,,,
4,4eB,L,Alt,p,b,,,,,,,,
"3,2",ZeB,L,Alt,p,b,,,,,,,,
3,3eB,L,Alt,p,b,,,,,,,,
2,2eB,L,Alt,p,b,,,,,,,,
1,1eB,L,Alt,p,b,,,,,,,,
0,0eB,L,Alt,p,b,,,,,,,,
"4,3,2",TfA,L,Fuc,p,a,,,,,,,,
"4,3",WfA,L,Fuc,p,a,,,,,,,,
"4,2",YfA,L,Fuc,p,a,,,,,,,,
4,4fA,L,Fuc,p,a,,,,,,,,
"3,2",ZfA,L,Fuc,p,a,,,,,,,,
3,3fA,L,Fuc,p,a,,,,,,,,
2,2fA,L,Fuc,p,a,,,,,,,,
1,1fA,L,Fuc,p,a,,,,,,,,
0,0fA,L,Fuc,p,a,,,,,,,,
"4,3,2",TfB,L,Fuc,p,b,,,,,,,,
"4,3",WfB,L,Fuc,p,b,,,,,,,,
"4,2",YfB,L,Fuc,p,b,,,,,,,,
4,4fB,L,Fuc,p,b,,,,,,,,
"3,2",ZfB,L,Fuc,p,b,,,,,,,,
3,3fB,L,Fuc,p,b,,,,,,,,
2,2fB,L,Fuc,p,b,,,,,,,,
1,1fB,L,Fuc,p,b,,,,,,,,
0,0fB,L,Fuc,p,b,,,,,,,,
"6,4,3,2",PgA,L,Glc,p,a,,,,,,,,
"6,4,3",QgA,L,Glc,p,a,,,,,,,,
"6,4,2",RgA,L,Glc,p,a,,,,,,,,
"6,4",UgA,L,Glc,p,a,,,,,,,,
"6,3,2",SgA,L,Glc,p,a,,,,,,,,
"6,3",VgA,L,Glc,p,a,,,,,,,,
"6,2",XgA,L,Glc,p,a,,,,,,,,
6,6gA,L,Glc,p,a,,,,,,,,
"4,3,2",TgA,L,Glc,p,a,,,,,,,,
"4,3",WgA,L,Glc,p,a,,,,,,,,
"4,2",YgA,L,Glc,p,a,,,,,,,,
4,4gA,L,Glc,p,a,,,,,,,,
"3,2",ZgA,L,Glc,p,a,,,,,,,,
3,3gA,L,Glc,p,a,,,,,,,,
2,2gA,L,Glc,p,a,,,,,,,,
1,1gA,L,Glc,p,a,,,,,,,,
0,0gA,L,Glc,p,a,,,,,,,,
"6,4,3,2",PgB,L,Glc,p,b,,,,,,,,
"6,4,3",QgB,L,Glc,p,b,,,,,,,,
"6,4,2",RgB,L,Glc,p,b,,,,,,,,
"6,4",UgB,L,Glc,p,b,,,,,,,,
"6,3,2",SgB,L,Glc,p,b,,,,,,,,
"6,3",VgB,L,Glc,p,b,,,,,,,,
"6,2",XgB,L,Glc,p,b,,,,,,,,
6,6gB,L,Glc,p,b,,,,,,,,
"4,3,2",TgB,L,Glc,p,b,,,,,,,,
"4,3",WgB,L,Glc,p,b,,,,,,,,
"4,2",YgB,L,Glc,p,b,,,,,,,,
4,4gB,L,Glc,p,b,,,,,,,,
"3,2",ZgB,L,Glc,p,b,,,,,,,,
3,3gB,L,Glc,p,b,,,,,,,,
2,2gB,L,Glc,p,b,,,,,,,,
1,1gB,L,Glc,p,b,,,,,,,,
0,0gB,L,Glc,p,b,,,,,,,,
"7,8,9,4",AgL,L,Neup5Gc,p,a,,,,,,,,
"7,8,9",BgL,L,Neup5Gc,p,a,,,,,,,,
"7,8,4",EgL,L,Neup5Gc,p,a,,,,,,,,
"7,8",HgL,L,Neup5Gc,p,a,,,,,,,,
"7,9,4",DgL,L,Neup5Gc,p,a,,,,,,,,
"7,9",GgL,L,Neup5Gc,p,a,,,,,,,,
"7,4",KgL,L,Neup5Gc,p,a,,,,,,,,
7,7gL,L,Neup5Gc,p,a,,,,,,,,
"8,9,4",CgL,L,Neup5Gc,p,a,,,,,,,,
"8,9",FgL,L,Neup5Gc,p,a,,,,,,,,
"8,4",JgL,L,Neup5Gc,p,a,,,,,,,,
8,8gL,L,Neup5Gc,p,a,,,,,,,,
"9,4",IgL,L,Neup5Gc,p,a,,,,,,,,
9,9gL,L,Neup5Gc,p,a,,,,,,,,
4,4gL,L,Neup5Gc,p,a,,,,,,,,
2,2gL,L,Neup5Gc,p,a,,,,,,,,
0,0gL,L,Neup5Gc,p,a,,,,,,,,
"4,3,2",ThA,L,Rha,p,a,,,,,,,,
"4,3",WhA,L,Rha,p,a,,,,,,,,
"4,2",YhA,L,Rha,p,a,,,,,,,,
4,4hA,L,Rha,p,a,,,,,,,,
"3,2",ZhA,L,Rha,p,a,,,,,,,,
3,3hA,L,Rha,p,a,,,,,,,,
2,2hA,L,Rha,p,a,,,,,,,,
1,1hA,L,Rha,p,a,,,,,,,,
0,0hA,L,Rha,p,a,,,,,,,,
"4,3,2",ThB,L,Rha,p,b,,,,,,,,
"4,3",WhB,L,Rha,p,b,,,,,,,,
"4,2",YhB,L,Rha,p,b,,,,,,,,
4,4hB,L,Rha,p,b,,,,,,,,
"3,2",ZhB,L,Rha,p,b,,,,,,,,
3,3hB,L,Rha,p,b,,,,,,,,
2,2hB,L,Rha,p,b,,,,,,,,
1,1hB,L,Rha,p,b,,,,,,,,
0,0hB,L,Rha,p,b,,,,,,,,
"5,4,3,1",yjA,L,Tag,p,a,,,,,,,,
"5,4,3",xjA,L,Tag,p,a,,,,,,,,
"5,4,1",vjA,L,Tag,p,a,,,,,,,,
"5,4",sjA,L,Tag,p,a,,,,,,,,
"5,3,1",njA,L,Tag,p,a,,,,,,,,
"5,3",tjA,L,Tag,p,a,,,,,,,,
"5,1",ujA,L,Tag,p,a,,,,,,,,
5,5jA,L,Tag,p,a,,,,,,,,
"4,3,1",TjA,L,Tag,p,a,,,,,,,,
"4,3",WjA,L,Tag,p,a,,,,,,,,
"4,1",YjA,L,Tag,p,a,,,,,,,,
4,4jA,L,Tag,p,a,,,,,,,,
"3,1",ZjA,L,Tag,p,a,,,,,,,,
3,3jA,L,Tag,p,a,,,,,,,,
1,1jA,L,Tag,p,a,,,,,,,,
2,2jA,L,Tag,p,a,,,,,,,,
0,0jA,L,Tag,p,a,,,,,,,,
"1,5,4,3",yjB,L,Tag,p,b,,,,,,,,
"1,5,4",vjB,L,Tag,p,b,,,,,,,,
"1,5,3",njB,L,Tag,p,b,,,,,,,,
"1,5",ujB,L,Tag,p,b,,,,,,,,
"1,4,3",TjB,L,Tag,p,b,,,,,,,,
"1,4",YjB,L,Tag,p,b,,,,,,,,
"1,3",ZjB,L,Tag,p,b,,,,,,,,
1,1jB,L,Tag,p,b,,,,,,,,
"5,4,3",xjB,L,Tag,p,b,,,,,,,,
"5,4",sjB,L,Tag,p,b,,,,,,,,
"5,3",tjB,L,Tag,p,b,,,,,,,,
5,5jB,L,Tag,p,b,,,,,,,,
"4,3",WjB,L,Tag,p,b,,,,,,,,
4,4jB,L,Tag,p,b,,,,,,,,
3,3jB,L,Tag,p,b,,,,,,,,
2,2jB,L,Tag,p,b,,,,,,,,
0,0jB,L,Tag,p,b,,,,,,,,
"6,4,3,1",PjD,L,Tag,f,a,,,,,,,,
"6,4,3",QjD,L,Tag,f,a,,,,,,,,
"6,4,1",RjD,L,Tag,f,a,,,,,,,,
"6,4",UjD,L,Tag,f,a,,,,,,,,
"6,3,1",SjD,L,Tag,f,a,,,,,,,,
"6,3",VjD,L,Tag,f,a,,,,,,,,
"6,1",XjD,L,Tag,f,a,,,,,,,,
6,6jD,L,Tag,f,a,,,,,,,,
"4,3,1",TjD,L,Tag,f,a,,,,,,,,
"4,3",WjD,L,Tag,f,a,,,,,,,,
"4,1",YjD,L,Tag,f,a,,,,,,,,
4,4jD,L,Tag,f,a,,,,,,,,
"3,1",ZjD,L,Tag,f,a,,,,,,,,
3,3jD,L,Tag,f,a,,,,,,,,
1,1jD,L,Tag,f,a,,,,,,,,
2,2jD,L,Tag,f,a,,,,,,,,
0,0jD,L,Tag,f,a,,,,,,,,
"1,6,4,3",PjU,L,Tag,f,b,,,,,,,,
"1,6,4",RjU,L,Tag,f,b,,,,,,,,
"1,6,3",SjU,L,Tag,f,b,,,,,,,,
"1,6",XjU,L,Tag,f,b,,,,,,,,
"1,4,3",TjU,L,Tag,f,b,,,,,,,,
"1,4",YjU,L,Tag,f,b,,,,,,,,
"1,3",ZjU,L,Tag,f,b,,,,,,,,
1,1jU,L,Tag,f,b,,,,,,,,
"6,4,3",QjU,L,Tag,f,b,,,,,,,,
"6,4",UjU,L,Tag,f,b,,,,,,,,
"6,3",VjU,L,Tag,f,b,,,,,,,,
6,6jU,L,Tag,f,b,,,,,,,,
"4,3",WjU,L,Tag,f,b,,,,,,,,
4,4jU,L,Tag,f,b,,,,,,,,
3,3jU,L,Tag,f,b,,,,,,,,
2,2jU,L,Tag,f,b,,,,,,,,
0,0jU,L,Tag,f,b,,,,,,,,
"6,4,3,2",PkA,L,Gul,p,a,,,,,,,,
"6,4,3",QkA,L,Gul,p,a,,,,,,,,
"6,4,2",RkA,L,Gul,p,a,,,,,,,,
"6,4",UkA,L,Gul,p,a,,,,,,,,
"6,3,2",SkA,L,Gul,p,a,,,,,,,,
"6,3",VkA,L,Gul,p,a,,,,,,,,
"6,2",XkA,L,Gul,p,a,,,,,,,,
6,6kA,L,Gul,p,a,,,,,,,,
"4,3,2",TkA,L,Gul,p,a,,,,,,,,
"4,3",WkA,L,Gul,p,a,,,,,,,,
"4,2",YkA,L,Gul,p,a,,,,,,,,
4,4kA,L,Gul,p,a,,,,,,,,
"3,2",ZkA,L,Gul,p,a,,,,,,,,
3,3kA,L,Gul,p,a,,,,,,,,
2,2kA,L,Gul,p,a,,,,,,,,
1,1kA,L,Gul,p,a,,,,,,,,
0,0kA,L,Gul,p,a,,,,,,,,
"6,4,3,2",PkB,L,Gul,p,b,,,,,,,,
"6,4,3",QkB,L,Gul,p,b,,,,,,,,
"6,4,2",RkB,L,Gul,p,b,,,,,,,,
"6,4",UkB,L,Gul,p,b,,,,,,,,
"6,3,2",SkB,L,Gul,p,b,,,,,,,,
"6,3",VkB,L,Gul,p,b,,,,,,,,
"6,2",XkB,L,Gul,p,b,,,,,,,,
6,6kB,L,Gul,p,b,,,,,,,,
"4,3,2",TkB,L,Gul,p,b,,,,,,,,
"4,3",WkB,L,Gul,p,b,,,,,,,,
"4,2",YkB,L,Gul,p,b,,,,,,,,
4,4kB,L,Gul,p,b,,,,,,,,
"3,2",ZkB,L,Gul,p,b,,,,,,,,
3,3kB,L,Gul,p,b,,,,,,,,
2,2kB,L,Gul,p,b,,,,,,,,
1,1kB,L,Gul,p,b,,,,,,,,
0,0kB,L,Gul,p,b,,,,,,,,
"6,4,3,2",PlA,L,Gal,p,a,,,,,,,,
"6,4,3",QlA,L,Gal,p,a,,,,,,,,
"6,4,2",RlA,L,Gal,p,a,,,,,,,,
"6,4",UlA,L,Gal,p,a,,,,,,,,
"6,3,2",SlA,L,Gal,p,a,,,,,,,,
"6,3",VlA,L,Gal,p,a,,,,,,,,
"6,2",XlA,L,Gal,p,a,,,,,,,,
6,6lA,L,Gal,p,a,,,,,,,,
"4,3,2",TlA,L,Gal,p,a,,,,,,,,
"4,3",WlA,L,Gal,p,a,,,,,,,,
"4,2",YlA,L,Gal,p,a,,,,,,,,
4,4lA,L,Gal,p,a,,,,,,,,
"3,2",ZlA,L,Gal,p,a,,,,,,,,
3,3lA,L,Gal,p,a,,,,,,,,
2,2lA,L,Gal,p,a,,,,,,,,
1,1lA,L,Gal,p,a,,,,,,,,
0,0lA,L,Gal,p,a,,,,,,,,
"6,4,3,2",PlB,L,Gal,p,b,,,,,,,,
"6,4,3",QlB,L,Gal,p,b,,,,,,,,
"6,4,2",RlB,L,Gal,p,b,,,,,,,,
"6,4",UlB,L,Gal,p,b,,,,,,,,
"6,3,2",SlB,L,Gal,p,b,,,,,,,,
"6,3",VlB,L,Gal,p,b,,,,,,,,
"6,2",XlB,L,Gal,p,b,,,,,,,,
6,6lB,L,Gal,p,b,,,,,,,,
"4,3,2",TlB,L,Gal,p,b,,,,,,,,
"4,3",WlB,L,Gal,p,b,,,,,,,,
"4,2",YlB,L,Gal,p,b,,,,,,,,
4,4lB,L,Gal,p,b,,,,,,,,
"3,2",ZlB,L,Gal,p,b,,,,,,,,
3,3lB,L,Gal,p,b,,,,,,,,
2,2lB,L,Gal,p,b,,,,,,,,
1,1lB,L,Gal,p,b,,,,,,,,
0,0lB,L,Gal,p,b,,,,,,,,
"6,4,3,2",PmA,L,Man,p,a,,,,,,,,
"6,4,3",QmA,L,Man,p,a,,,,,,,,
"6,4,2",RmA,L,Man,p,a,,,,,,,,
"6,4",UmA,L,Man,p,a,,,,,,,,
"6,3,2",SmA,L,Man,p,a,,,,,,,,
"6,3",VmA,L,Man,p,a,,,,,,,,
"6,2",XmA,L,Man,p,a,,,,,,,,
6,6mA,L,Man,p,a,,,,,,,,
"4,3,2",TmA,L,Man,p,a,,,,,,,,
"4,3",WmA,L,Man,p,a,,,,,,,,
"4,2",YmA,L,Man,p,a,,,,,,,,
4,4mA,L,Man,p,a,,,,,,,,
"3,2",ZmA,L,Man,p,a,,,,,,,,
3,3mA,L,Man,p,a,,,,,,,,
2,2mA,L,Man,p,a,,,,,,,,
1,1mA,L,Man,p,a,,,,,,,,
0,0mA,L,Man,p,a,,,,,,,,
"6,4,3,2",PmB,L,Man,p,b,,,,,,,,
"6,4,3",QmB,L,Man,p,b,,,,,,,,
"6,4,2",RmB,L,Man,p,b,,,,,,,,
"6,4",UmB,L,Man,p,b,,,,,,,,
"6,3,2",SmB,L,Man,p,b,,,,,,,,
"6,3",VmB,L,Man,p,b,,,,,,,,
"6,2",XmB,L,Man,p,b,,,,,,,,
6,6mB,L,Man,p,b,,,,,,,,
"4,3,2",TmB,L,Man,p,b,,,,,,,,
"4,3",WmB,L,Man,p,b,,,,,,,,
"4,2",YmB,L,Man,p,b,,,,,,,,
4,4mB,L,Man,p,b,,,,,,,,
"3,2",ZmB,L,Man,p,b,,,,,,,,
3,3mB,L,Man,p,b,,,,,,,,
2,2mB,L,Man,p,b,,,,,,,,
1,1mB,L,Man,p,b,,,,,,,,
0,0mB,L,Man,p,b,,,,,,,,
"6,4,3,2",PnA,L,All,p,a,,,,,,,,
"6,4,3",QnA,L,All,p,a,,,,,,,,
"6,4,2",RnA,L,All,p,a,,,,,,,,
"6,4",UnA,L,All,p,a,,,,,,,,
"6,3,2",SnA,L,All,p,a,,,,,,,,
"6,3",VnA,L,All,p,a,,,,,,,,
"6,2",XnA,L,All,p,a,,,,,,,,
6,6nA,L,All,p,a,,,,,,,,
"4,3,2",TnA,L,All,p,a,,,,,,,,
"4,3",WnA,L,All,p,a,,,,,,,,
"4,2",YnA,L,All,p,a,,,,,,,,
4,4nA,L,All,p,a,,,,,,,,
"3,2",ZnA,L,All,p,a,,,,,,,,
3,3nA,L,All,p,a,,,,,,,,
2,2nA,L,All,p,a,,,,,,,,
1,1nA,L,All,p,a,,,,,,,,
0,0nA,L,All,p,a,,,,,,,,
"6,4,3,2",PnB,L,All,p,b,,,,,,,,
"6,4,3",QnB,L,All,p,b,,,,,,,,
"6,4,2",RnB,L,All,p,b,,,,,,,,
"6,4",UnB,L,All,p,b,,,,,,,,
"6,3,2",SnB,L,All,p,b,,,,,,,,
"6,3",VnB,L,All,p,b,,,,,,,,
"6,2",XnB,L,All,p,b,,,,,,,,
6,6nB,L,All,p,b,,,,,,,,
"4,3,2",TnB,L,All,p,b,,,,,,,,
"4,3",WnB,L,All,p,b,,,,,,,,
"4,2",YnB,L,All,p,b,,,,,,,,
4,4nB,L,All,p,b,,,,,,,,
"3,2",ZnB,L,All,p,b,,,,,,,,
3,3nB,L,All,p,b,,,,,,,,
2,2nB,L,All,p,b,,,,,,,,
1,1nB,L,All,p,b,,,,,,,,
0,0nB,L,All,p,b,,,,,,,,
"4,3,2",ToA,L,GalA,p,a,,,,,,,,
"4,3",WoA,L,GalA,p,a,,,,,,,,
"4,2",YoA,L,GalA,p,a,,,,,,,,
4,4oA,L,GalA,p,a,,,,,,,,
"3,2",ZoA,L,GalA,p,a,,,,,,,,
3,3oA,L,GalA,p,a,,,,,,,,
2,2oA,L,GalA,p,a,,,,,,,,
1,1oA,L,GalA,p,a,,,,,,,,
0,0oA,L,GalA,p,a,,,,,,,,
"4,3,2",ToB,L,GalA,p,b,,,,,,,,
"4,3",WoB,L,GalA,p,b,,,,,,,,
"4,2",YoB,L,GalA,p,b,,,,,,,,
4,4oB,L,GalA,p,b,,,,,,,,
"3,2",ZoB,L,GalA,p,b,,,,,,,,
3,3oB,L,GalA,p,b,,,,,,,,
2,2oB,L,GalA,p,b,,,,,,,,
1,1oB,L,GalA,p,b,,,,,,,,
0,0oB,L,GalA,p,b,,,,,,,,
"5,4,3,1",ypA,L,Psi,p,a,,,,,,,,
"5,4,3",xpA,L,Psi,p,a,,,,,,,,
"5,4,1",vpA,L,Psi,p,a,,,,,,,,
"5,4",spA,L,Psi,p,a,,,,,,,,
"5,3,1",npA,L,Psi,p,a,,,,,,,,
"5,3",tpA,L,Psi,p,a,,,,,,,,
"5,1",upA,L,Psi,p,a,,,,,,,,
5,5pA,L,Psi,p,a,,,,,,,,
"4,3,1",TpA,L,Psi,p,a,,,,,,,,
"4,3",WpA,L,Psi,p,a,,,,,,,,
"4,1",YpA,L,Psi,p,a,,,,,,,,
4,4pA,L,Psi,p,a,,,,,,,,
"3,1",ZpA,L,Psi,p,a,,,,,,,,
3,3pA,L,Psi,p,a,,,,,,,,
1,1pA,L,Psi,p,a,,,,,,,,
2,2pA,L,Psi,p,a,,,,,,,,
0,0pA,L,Psi,p,a,,,,,,,,
"1,5,4,3",ypB,L,Psi,p,b,,,,,,,,
"1,5,4",vpB,L,Psi,p,b,,,,,,,,
"1,5,3",npB,L,Psi,p,b,,,,,,,,
"1,5",upB,L,Psi,p,b,,,,,,,,
"1,4,3",TpB,L,Psi,p,b,,,,,,,,
"1,4",YpB,L,Psi,p,b,,,,,,,,
"1,3",ZpB,L,Psi,p,b,,,,,,,,
1,1pB,L,Psi,p,b,,,,,,,,
"5,4,3",xpB,L,Psi,p,b,,,,,,,,
"5,4",spB,L,Psi,p,b,,,,,,,,
"5,3",tpB,L,Psi,p,b,,,,,,,,
5,5pB,L,Psi,p,b,,,,,,,,
"4,3",WpB,L,Psi,p,b,,,,,,,,
4,4pB,L,Psi,p,b,,,,,,,,
3,3pB,L,Psi,p,b,,,,,,,,
2,2pB,L,Psi,p,b,,,,,,,,
0,0pB,L,Psi,p,b,,,,,,,,
"6,4,3,1",PpD,L,Psi,f,a,,,,,,,,
"6,4,3",QpD,L,Psi,f,a,,,,,,,,
"6,4,1",RpD,L,Psi,f,a,,,,,,,,
"6,4",UpD,L,Psi,f,a,,,,,,,,
"6,3,1",SpD,L,Psi,f,a,,,,,,,,
"6,3",VpD,L,Psi,f,a,,,,,,,,
"6,1",XpD,L,Psi,f,a,,,,,,,,
6,6pD,L,Psi,f,a,,,,,,,,
"4,3,1",TpD,L,Psi,f,a,,,,,,,,
"4,3",WpD,L,Psi,f,a,,,,,,,,
"4,1",YpD,L,Psi,f,a,,,,,,,,
4,4pD,L,Psi,f,a,,,,,,,,
"3,1",ZpD,L,Psi,f,a,,,,,,,,
3,3pD,L,Psi,f,a,,,,,,,,
1,1pD,L,Psi,f,a,,,,,,,,
2,2pD,L,Psi,f,a,,,,,,,,
0,0pD,L,Psi,f,a,,,,,,,,
"1,6,4,3",PpU,L,Psi,f,b,,,,,,,,
"1,6,4",RpU,L,Psi,f,b,,,,,,,,
"1,6,3",SpU,L,Psi,f,b,,,,,,,,
"1,6",XpU,L,Psi,f,b,,,,,,,,
"1,4,3",TpU,L,Psi,f,b,,,,,,,,
"1,4",YpU,L,Psi,f,b,,,,,,,,
"1,3",ZpU,L,Psi,f,b,,,,,,,,
1,1pU,L,Psi,f,b,,,,,,,,
"6,4,3",QpU,L,Psi,f,b,,,,,,,,
"6,4",UpU,L,Psi,f,b,,,,,,,,
"6,3",VpU,L,Psi,f,b,,,,,,,,
6,6pU,L,Psi,f,b,,,,,,,,
"4,3",WpU,L,Psi,f,b,,,,,,,,
4,4pU,L,Psi,f,b,,,,,,,,
3,3pU,L,Psi,f,b,,,,,,,,
2,2pU,L,Psi,f,b,,,,,,,,
0,0pU,L,Psi,f,b,,,,,,,,
"4,3,2",TqA,L,Qui,p,a,,,,,,,,
"4,3",WqA,L,Qui,p,a,,,,,,,,
"4,2",YqA,L,Qui,p,a,,,,,,,,
4,4qA,L,Qui,p,a,,,,,,,,
"3,2",ZqA,L,Qui,p,a,,,,,,,,
3,3qA,L,Qui,p,a,,,,,,,,
2,2qA,L,Qui,p,a,,,,,,,,
1,1qA,L,Qui,p,a,,,,,,,,
0,0qA,L,Qui,p,a,,,,,,,,
"4,3,2",TqB,L,Qui,p,b,,,,,,,,
"4,3",WqB,L,Qui,p,b,,,,,,,,
"4,2",YqB,L,Qui,p,b,,,,,,,,
4,4qB,L,Qui,p,b,,,,,,,,
"3,2",ZqB,L,Qui,p,b,,,,,,,,
3,3qB,L,Qui,p,b,,,,,,,,
2,2qB,L,Qui,p,b,,,,,,,,
1,1qB,L,Qui,p,b,,,,,,,,
0,0qB,L,Qui,p,b,,,,,,,,
"4,3,2",TrA,L,Rib,p,a,,,,,,,,
"4,3",WrA,L,Rib,p,a,,,,,,,,
"4,2",YrA,L,Rib,p,a,,,,,,,,
4,4rA,L,Rib,p,a,,,,,,,,
"3,2",ZrA,L,Rib,p,a,,,,,,,,
3,3rA,L,Rib,p,a,,,,,,,,
2,2rA,L,Rib,p,a,,,,,,,,
1,1rA,L,Rib,p,a,,,,,,,,
0,0rA,L,Rib,p,a,,,,,,,,
"4,3,2",TrB,L,Rib,p,b,,,,,,,,
"4,3",WrB,L,Rib,p,b,,,,,,,,
"4,2",YrB,L,Rib,p,b,,,,,,,,
4,4rB,L,Rib,p,b,,,,,,,,
"3,2",ZrB,L,Rib,p,b,,,,,,,,
3,3rB,L,Rib,p,b,,,,,,,,
2,2rB,L,Rib,p,b,,,,,,,,
1,1rB,L,Rib,p,b,,,,,,,,
0,0rB,L,Rib,p,b,,,,,,,,
"5,3,2",nrD,L,Rib,f,a,,,,,,,,
"5,3",trD,L,Rib,f,a,,,,,,,,
"5,2",urD,L,Rib,f,a,,,,,,,,
5,5rD,L,Rib,f,a,,,,,,,,
"3,2",ZrD,L,Rib,f,a,,,,,,,,
3,3rD,L,Rib,f,a,,,,,,,,
2,2rD,L,Rib,f,a,,,,,,,,
1,1rD,L,Rib,f,a,,,,,,,,
0,0rD,L,Rib,f,a,,,,,,,,
"5,3,2",nrU,L,Rib,f,b,,,,,,,,
"5,3",trU,L,Rib,f,b,,,,,,,,
"5,2",urU,L,Rib,f,b,,,,,,,,
5,5rU,L,Rib,f,b,,,,,,,,
"3,2",ZrU,L,Rib,f,b,,,,,,,,
3,3rU,L,Rib,f,b,,,,,,,,
2,2rU,L,Rib,f,b,,,,,,,,
1,1rU,L,Rib,f,b,,,,,,,,
0,0rU,L,Rib,f,b,,,,,,,,
"7,8,9,4",AsA,L,Neu5Ac,p,a,,,,,,,,
"7,8,9",BsA,L,Neu5Ac,p,a,,,,,,,,
"7,8,4",EsA,L,Neu5Ac,p,a,,,,,,,,
"7,8",HsA,L,Neu5Ac,p,a,,,,,,,,
"7,9,4",DsA,L,Neu5Ac,p,a,,,,,,,,
"7,9",GsA,L,Neu5Ac,p,a,,,,,,,,
"7,4",KsA,L,Neu5Ac,p,a,,,,,,,,
7,7sA,L,Neu5Ac,p,a,,,,,,,,
"8,9,4",CsA,L,Neu5Ac,p,a,,,,,,,,
"8,9",FsA,L,Neu5Ac,p,a,,,,,,,,
"8,4",JsA,L,Neu5Ac,p,a,,,,,,,,
8,8sA,L,Neu5Ac,p,a,,,,,,,,
"9,4",IsA,L,Neu5Ac,p,a,,,,,,,,
9,9sA,L,Neu5Ac,p,a,,,,,,,,
4,4sA,L,Neu5Ac,p,a,,,,,,,,
2,2sA,L,Neu5Ac,p,a,,,,,,,,
0,0sA,L,Neu5Ac,p,a,,,,,,,,
"9,8,7,4",AsB,L,Neu5Ac,p,b,,,,,,,,
"9,8,7",BsB,L,Neu5Ac,p,b,,,,,,,,
"9,8,4",CsB,L,Neu5Ac,p,b,,,,,,,,
"9,8",FsB,L,Neu5Ac,p,b,,,,,,,,
"9,7,4",DsB,L,Neu5Ac,p,b,,,,,,,,
"9,7",GsB,L,Neu5Ac,p,b,,,,,,,,
"9,4",IsB,L,Neu5Ac,p,b,,,,,,,,
9,9sB,L,Neu5Ac,p,b,,,,,,,,
"8,7,4",EsB,L,Neu5Ac,p,b,,,,,,,,
"8,7",HsB,L,Neu5Ac,p,b,,,,,,,,
"8,4",JsB,L,Neu5Ac,p,b,,,,,,,,
8,8sB,L,Neu5Ac,p,b,,,,,,,,
"7,4",KsB,L,Neu5Ac,p,b,,,,,,,,
7,7sB,L,Neu5Ac,p,b,,,,,,,,
4,4sB,L,Neu5Ac,p,b,,,,,,,,
2,2sB,L,Neu5Ac,p,b,,,,,,,,
0,0sB,L,Neu5Ac,p,b,,,,,,,,
"6,4,3,2",PtA,L,Tal,p,a,,,,,,,,
"6,4,3",QtA,L,Tal,p,a,,,,,,,,
"6,4,2",RtA,L,Tal,p,a,,,,,,,,
"6,4",UtA,L,Tal,p,a,,,,,,,,
"6,3,2",StA,L,Tal,p,a,,,,,,,,
"6,3",VtA,L,Tal,p,a,,,,,,,,
"6,2",XtA,L,Tal,p,a,,,,,,,,
6,6tA,L,Tal,p,a,,,,,,,,
"4,3,2",TtA,L,Tal,p,a,,,,,,,,
"4,3",WtA,L,Tal,p,a,,,,,,,,
"4,2",YtA,L,Tal,p,a,,,,,,,,
4,4tA,L,Tal,p,a,,,,,,,,
"3,2",ZtA,L,Tal,p,a,,,,,,,,
3,3tA,L,Tal,p,a,,,,,,,,
2,2tA,L,Tal,p,a,,,,,,,,
1,1tA,L,Tal,p,a,,,,,,,,
0,0tA,L,Tal,p,a,,,,,,,,
"6,4,3,2",PtB,L,Tal,p,b,,,,,,,,
"6,4,3",QtB,L,Tal,p,b,,,,,,,,
"6,4,2",RtB,L,Tal,p,b,,,,,,,,
"6,4",UtB,L,Tal,p,b,,,,,,,,
"6,3,2",StB,L,Tal,p,b,,,,,,,,
"6,3",VtB,L,Tal,p,b,,,,,,,,
"6,2",XtB,L,Tal,p,b,,,,,,,,
6,6tB,L,Tal,p,b,,,,,,,,
"4,3,2",TtB,L,Tal,p,b,,,,,,,,
"4,3",WtB,L,Tal,p,b,,,,,,,,
"4,2",YtB,L,Tal,p,b,,,,,,,,
4,4tB,L,Tal,p,b,,,,,,,,
"3,2",ZtB,L,Tal,p,b,,,,,,,,
3,3tB,L,Tal,p,b,,,,,,,,
2,2tB,L,Tal,p,b,,,,,,,,
1,1tB,L,Tal,p,b,,,,,,,,
0,0tB,L,Tal,p,b,,,,,,,,
"4,2",YtV,L,Tyvpa,p,a,,,,,,,,
4,4tV,L,Tyvpa,p,a,,,,,,,,
2,2tV,L,Tyvpa,p,a,,,,,,,,
1,1tV,L,Tyvpa,p,a,,,,,,,,
0,0tV,L,Tyvpa,p,a,,,,,,,,
"4,2",Ytv,L,Tyvpa,p,b,,,,,,,,
4,4tv,L,Tyvpa,p,b,,,,,,,,
2,2tv,L,Tyvpa,p,b,,,,,,,,
1,1tv,L,Tyvpa,p,b,,,,,,,,
0,0tv,L,Tyvpa,p,b,,,,,,,,
"4,3,2",TuA,L,IdoA,p,a,,,,,,,,
"4,3",WuA,L,IdoA,p,a,,,,,,,,
"4,2",YuA,L,IdoA,p,a,,,,,,,,
4,4uA,L,IdoA,p,a,,,,,,,,
"3,2",ZuA,L,IdoA,p,a,,,,,,,,
3,3uA,L,IdoA,p,a,,,,,,,,
2,2uA,L,IdoA,p,a,,,,,,,,
1,1uA,L,IdoA,p,a,,,,,,,,
0,0uA,L,IdoA,p,a,,,,,,,,
"4,3,2",TuB,L,IdoA,p,b,,,,,,,,
"4,3",WuB,L,IdoA,p,b,,,,,,,,
"4,2",YuB,L,IdoA,p,b,,,,,,,,
4,4uB,L,IdoA,p,b,,,,,,,,
"3,2",ZuB,L,IdoA,p,b,,,,,,,,
3,3uB,L,IdoA,p,b,,,,,,,,
2,2uB,L,IdoA,p,b,,,,,,,,
1,1uB,L,IdoA,p,b,,,,,,,,
0,0uB,L,IdoA,p,b,,,,,,,,
"6,4,3",QvA,L,GalNAc,p,a,,,,,,,,
"6,4",UvA,L,GalNAc,p,a,,,,,,,,
"6,3",VvA,L,GalNAc,p,a,,,,,,,,
6,6vA,L,GalNAc,p,a,,,,,,,,
"4,3",WvA,L,GalNAc,p,a,,,,,,,,
4,4vA,L,GalNAc,p,a,,,,,,,,
3,3vA,L,GalNAc,p,a,,,,,,,,
1,1vA,L,GalNAc,p,a,,,,,,,,
0,0vA,L,GalNAc,p,a,,,,,,,,
"6,4,3",QvB,L,GalNAc,p,b,,,,,,,,
"6,4",UvB,L,GalNAc,p,b,,,,,,,,
"6,3",VvB,L,GalNAc,p,b,,,,,,,,
6,6vB,L,GalNAc,p,b,,,,,,,,
"4,3",WvB,L,GalNAc,p,b,,,,,,,,
4,4vB,L,GalNAc,p,b,,,,,,,,
3,3vB,L,GalNAc,p,b,,,,,,,,
1,1vB,L,GalNAc,p,b,,,,,,,,
0,0vB,L,GalNAc,p,b,,,,,,,,
"6,4,3",QwA,L,ManNAc,p,a,,,,,,,,
"6,4",UwA,L,ManNAc,p,a,,,,,,,,
"6,3",VwA,L,ManNAc,p,a,,,,,,,,
6,6wA,L,ManNAc,p,a,,,,,,,,
"4,3",WwA,L,ManNAc,p,a,,,,,,,,
4,4wA,L,ManNAc,p,a,,,,,,,,
3,3wA,L,ManNAc,p,a,,,,,,,,
1,1wA,L,ManNAc,p,a,,,,,,,,
0,0wA,L,ManNAc,p,a,,,,,,,,
"6,4,3",QwB,L,ManNAc,p,b,,,,,,,,
"6,4",UwB,L,ManNAc,p,b,,,,,,,,
"6,3",VwB,L,ManNAc,p,b,,,,,,,,
6,6wB,L,ManNAc,p,b,,,,,,,,
"4,3",WwB,L,ManNAc,p,b,,,,,,,,
4,4wB,L,ManNAc,p,b,,,,,,,,
3,3wB,L,ManNAc,p,b,,,,,,,,
1,1wB,L,ManNAc,p,b,,,,,,,,
0,0wB,L,ManNAc,p,b,,,,,,,,
"4,3,2",TxA,L,Xyl,p,a,,,,,,,,
"4,3",WxA,L,Xyl,p,a,,,,,,,,
"4,2",YxA,L,Xyl,p,a,,,,,,,,
4,4xA,L,Xyl,p,a,,,,,,,,
"3,2",ZxA,L,Xyl,p,a,,,,,,,,
3,3xA,L,Xyl,p,a,,,,,,,,
2,2xA,L,Xyl,p,a,,,,,,,,
1,1xA,L,Xyl,p,a,,,,,,,,
0,0xA,L,Xyl,p,a,,,,,,,,
"4,3,2",TxB,L,Xyl,p,b,,,,,,,,
"4,3",WxB,L,Xyl,p,b,,,,,,,,
"4,2",YxB,L,Xyl,p,b,,,,,,,,
4,4xB,L,Xyl,p,b,,,,,,,,
"3,2",ZxB,L,Xyl,p,b,,,,,,,,
3,3xB,L,Xyl,p,b,,,,,,,,
2,2xB,L,Xyl,p,b,,,,,,,,
1,1xB,L,Xyl,p,b,,,,,,,,
0,0xB,L,Xyl,p,b,,,,,,,,
"5,3,2",nxD,L,Xyl,f,a,,,,,,,,
"5,3",txD,L,Xyl,f,a,,,,,,,,
"5,2",uxD,L,Xyl,f,a,,,,,,,,
5,5xD,L,Xyl,f,a,,,,,,,,
"3,2",ZxD,L,Xyl,f,a,,,,,,,,
3,3xD,L,Xyl,f,a,,,,,,,,
2,2xD,L,Xyl,f,a,,,,,,,,
1,1xD,L,Xyl,f,a,,,,,,,,
0,0xD,L,Xyl,f,a,,,,,,,,
"5,3,2",nxU,L,Xyl,f,b,,,,,,,,
"5,3",txU,L,Xyl,f,b,,,,,,,,
"5,2",uxU,L,Xyl,f,b,,,,,,,,
5,5xU,L,Xyl,f,b,,,,,,,,
"3,2",ZxU,L,Xyl,f,b,,,,,,,,
3,3xU,L,Xyl,f,b,,,,,,,,
2,2xU,L,Xyl,f,b,,,,,,,,
1,1xU,L,Xyl,f,b,,,,,,,,
0,0xU,L,Xyl,f,b,,,,,,,,
"6,4,3",QyA,L,GlcNAc,p,a,,,,,,,,
"6,4",UyA,L,GlcNAc,p,a,,,,,,,,
"6,3",VyA,L,GlcNAc,p,a,,,,,,,,
6,6yA,L,GlcNAc,p,a,,,,,,,,
"4,3",WyA,L,GlcNAc,p,a,,,,,,,,
4,4yA,L,GlcNAc,p,a,,,,,,,,
3,3yA,L,GlcNAc,p,a,,,,,,,,
1,1yA,L,GlcNAc,p,a,,,,,,,,
0,0yA,L,GlcNAc,p,a,,,,,,,,
"6,4,3",QyB,L,GlcNAc,p,b,,,,,,,,
"6,4",UyB,L,GlcNAc,p,b,,,,,,,,
"6,3",VyB,L,GlcNAc,p,b,,,,,,,,
6,6yB,L,GlcNAc,p,b,,,,,,,,
"4,3",WyB,L,GlcNAc,p,b,,,,,,,,
4,4yB,L,GlcNAc,p,b,,,,,,,,
3,3yB,L,GlcNAc,p,b,,,,,,,,
1,1yB,L,GlcNAc,p,b,,,,,,,,
0,0yB,L,GlcNAc,p,b,,,,,,,,
"4,3,2",TzA,L,GlcA,p,a,,,,,,,,
"4,3",WzA,L,GlcA,p,a,,,,,,,,
"4,2",YzA,L,GlcA,p,a,,,,,,,,
4,4zA,L,GlcA,p,a,,,,,,,,
"3,2",ZzA,L,GlcA,p,a,,,,,,,,
3,3zA,L,GlcA,p,a,,,,,,,,
2,2zA,L,GlcA,p,a,,,,,,,,
1,1zA,L,GlcA,p,a,,,,,,,,
0,0zA,L,GlcA,p,a,,,,,,,,
"4,3,2",TzB,L,GlcA,p,b,,,,,,,,
"4,3",WzB,L,GlcA,p,b,,,,,,,,
"4,2",YzB,L,GlcA,p,b,,,,,,,,
4,4zB,L,GlcA,p,b,,,,,,,,
"3,2",ZzB,L,GlcA,p,b,,,,,,,,
3,3zB,L,GlcA,p,b,,,,,,,,
2,2zB,L,GlcA,p,b,,,,,,,,
1,1zB,L,GlcA,p,b,,,,,,,,
0,0zB,L,GlcA,p,b,,,,,,,,
"2,4",YAE,D,Abepa,p,a,,,,,,,,
2,2AE,D,Abepa,p,a,,,,,,,,
4,4AE,D,Abepa,p,a,,,,,,,,
1,1AE,D,Abepa,p,a,,,,,,,,
0,0AE,D,Abepa,p,a,,,,,,,,
"4,2",YAe,D,Abepa,p,b,,,,,,,,
4,4Ae,D,Abepa,p,b,,,,,,,,
2,2Ae,D,Abepa,p,b,,,,,,,,
1,1Ae,D,Abepa,p,b,,,,,,,,
0,0Ae,D,Abepa,p,b,,,,,,,,
"4,3",WdR,L,Olip,p,a,,,,,,,,
4,4dR,L,Olip,p,a,,,,,,,,
3,3dR,L,Olip,p,a,,,,,,,,
1,1dR,L,Olip,p,a,,,,,,,,
0,0dR,L,Olip,p,a,,,,,,,,
"3,2",Z45,D,dUA,p,a,,,,,,,,
3,345,D,dUA,p,a,,,,,,,,
2,245,D,dUA,p,a,,,,,,,,
1,145,D,dUA,p,a,,,,,,,,
0,45,D,dUA,p,a,,,,,,,,
"4,3,2",TZBP,D,GlcpA+,p,a,,,,,,,,
"4,3",WZBP,D,GlcpA+,p,a,,,,,,,,
"4,2",YZBP,D,GlcpA+,p,a,,,,,,,,
4,4ZBP,D,GlcpA+,p,a,,,,,,,,
"3,2",ZZBP,D,GlcpA+,p,a,,,,,,,,
3,3ZBP,D,GlcpA+,p,a,,,,,,,,
2,2ZBP,D,GlcpA+,p,a,,,,,,,,
1,1ZBP,D,GlcpA+,p,a,,,,,,,,
0,0ZBP,D,GlcpA+,p,a,,,,,,,,
"3,4,6",QYN,D,GlcpNa,p,a,,,,,,,,
"3,4",WYN,D,GlcpNa,p,a,,,,,,,,
"3,6",VYN,D,GlcpNa,p,a,,,,,,,,
3,3YN,D,GlcpNa,p,a,,,,,,,,
"4,6",UYN,D,GlcpNa,p,a,,,,,,,,
4,4YN,D,GlcpNa,p,a,,,,,,,,
6,6YN,D,GlcpNa,p,a,,,,,,,,
1,1YN,D,GlcpNa,p,a,,,,,,,,
0,0YN,D,GlcpNa,p,a,,,,,,,,
"3,6,4",QYn,D,GlcpNa,p,b,,,,,,,,
"3,6",VYn,D,GlcpNa,p,b,,,,,,,,
"3,4",WYn,D,GlcpNa,p,b,,,,,,,,
3,3Yn,D,GlcpNa,p,b,,,,,,,,
"6,4",UYn,D,GlcpNa,p,b,,,,,,,,
6,6Yn,D,GlcpNa,p,b,,,,,,,,
4,4Yn,D,GlcpNa,p,b,,,,,,,,
1,1Yn,D,GlcpNa,p,b,,,,,,,,
0,0Yn,D,GlcpNa,p,b,,,,,,,,
"3,4,6",QYNP,D,GlcpNPa,p,a,,,,,,,,
"3,4",WYNP,D,GlcpNPa,p,a,,,,,,,,
"3,6",VYNP,D,GlcpNPa,p,a,,,,,,,,
3,3YNP,D,GlcpNPa,p,a,,,,,,,,
"4,6",UYNP,D,GlcpNPa,p,a,,,,,,,,
4,4YNP,D,GlcpNPa,p,a,,,,,,,,
6,6YNP,D,GlcpNPa,p,a,,,,,,,,
1,1YNP,D,GlcpNPa,p,a,,,,,,,,
0,0YNP,D,GlcpNPa,p,a,,,,,,,,
"6,4,3",QYnP,D,GlcpNPb,p,a,,,,,,,,
"6,4",UYnP,D,GlcpNPb,p,a,,,,,,,,
"6,3",VYnP,D,GlcpNPb,p,a,,,,,,,,
6,6YnP,D,GlcpNPb,p,a,,,,,,,,
"4,3",WYnP,D,GlcpNPb,p,a,,,,,,,,
4,4YnP,D,GlcpNPb,p,a,,,,,,,,
3,3YnP,D,GlcpNPb,p,a,,,,,,,,
1,1YnP,D,GlcpNPb,p,a,,,,,,,,
0,0YnP,D,GlcpNPb,p,a,,,,,,,,
"6,4,3",QYS,D,GlcpNSa,p,a,,,,,,,,
"6,4",UYS,D,GlcpNSa,p,a,,,,,,,,
"6,3",VYS,D,GlcpNSa,p,a,,,,,,,,
6,6YS,D,GlcpNSa,p,a,,,,,,,,
"4,3",WYS,D,GlcpNSa,p,a,,,,,,,,
4,4YS,D,GlcpNSa,p,a,,,,,,,,
3,3YS,D,GlcpNSa,p,a,,,,,,,,
1,1YS,D,GlcpNSa,p,a,,,,,,,,
0,0YS,D,GlcpNSa,p,a,,,,,,,,
"6,4,3",QYs,D,GlcpNSa,p,b,,,,,,,,
"6,4",UYs,D,GlcpNSa,p,b,,,,,,,,
"6,3",VYs,D,GlcpNSa,p,b,,,,,,,,
6,6Ys,D,GlcpNSa,p,b,,,,,,,,
"4,3",WYs,D,GlcpNSa,p,b,,,,,,,,
4,4Ys,D,GlcpNSa,p,b,,,,,,,,
3,3Ys,D,GlcpNSa,p,b,,,,,,,,
1,1Ys,D,GlcpNSa,p,b,,,,,,,,
0,0Ys,D,GlcpNSa,p,b,,,,,,,,
"6,4,3",QyS,L,GlcpNSa,p,a,,,,,,,,
"6,4",UyS,L,GlcpNSa,p,a,,,,,,,,
"6,3",VyS,L,GlcpNSa,p,a,,,,,,,,
6,6yS,L,GlcpNSa,p,a,,,,,,,,
"4,3",WyS,L,GlcpNSa,p,a,,,,,,,,
4,4yS,L,GlcpNSa,p,a,,,,,,,,
3,3yS,L,GlcpNSa,p,a,,,,,,,,
1,1yS,L,GlcpNSa,p,a,,,,,,,,
0,0yS,L,GlcpNSa,p,a,,,,,,,,
"6,4,3",Qys,L,GlcpNSa,p,b,,,,,,,,
"6,4",Uys,L,GlcpNSa,p,b,,,,,,,,
"6,3",Vys,L,GlcpNSa,p,b,,,,,,,,
6,6ys,L,GlcpNSa,p,b,,,,,,,,
"4,3",Wys,L,GlcpNSa,p,b,,,,,,,,
4,4ys,L,GlcpNSa,p,b,,,,,,,,
3,3ys,L,GlcpNSa,p,b,,,,,,,,
1,1ys,L,GlcpNSa,p,b,,,,,,,,
0,0ys,L,GlcpNSa,p,b,,,,,,,,
"7,8,9,5,4",aKn,D,KDNpa,p,b,,,,,,,,
"7,8,9,5",bKn,D,KDNpa,p,b,,,,,,,,
"7,8,9,4",AKn,D,KDNpa,p,b,,,,,,,,
"7,8,9",BKn,D,KDNpa,p,b,,,,,,,,
"7,8,5,4",dKn,D,KDNpa,p,b,,,,,,,,
"7,8,5",hKn,D,KDNpa,p,b,,,,,,,,
"7,8,4",EKn,D,KDNpa,p,b,,,,,,,,
"7,8",HKn,D,KDNpa,p,b,,,,,,,,
"7,9,5,4",cKn,D,KDNpa,p,b,,,,,,,,
"7,9,5",gKn,D,KDNpa,p,b,,,,,,,,
"7,9,4",DKn,D,KDNpa,p,b,,,,,,,,
"7,9",GKn,D,KDNpa,p,b,,,,,,,,
"7,5,4",kKn,D,KDNpa,p,b,,,,,,,,
"7,5",qKn,D,KDNpa,p,b,,,,,,,,
"7,4",KKn,D,KDNpa,p,b,,,,,,,,
7,7Kn,D,KDNpa,p,b,,,,,,,,
"8,9,5,4",zKn,D,KDNpa,p,b,,,,,,,,
"8,9,5",fKn,D,KDNpa,p,b,,,,,,,,
"8,9,4",CKn,D,KDNpa,p,b,,,,,,,,
"8,9",FKn,D,KDNpa,p,b,,,,,,,,
"8,5,4",jKn,D,KDNpa,p,b,,,,,,,,
"8,5",pKn,D,KDNpa,p,b,,,,,,,,
"8,4",JKn,D,KDNpa,p,b,,,,,,,,
8,8Kn,D,KDNpa,p,b,,,,,,,,
"9,5,4",iKn,D,KDNpa,p,b,,,,,,,,
"9,5",oKn,D,KDNpa,p,b,,,,,,,,
"9,4",IKn,D,KDNpa,p,b,,,,,,,,
9,9Kn,D,KDNpa,p,b,,,,,,,,
"5,4",sKn,D,KDNpa,p,b,,,,,,,,
5,5Kn,D,KDNpa,p,b,,,,,,,,
4,4Kn,D,KDNpa,p,b,,,,,,,,
2,2Kn,D,KDNpa,p,b,,,,,,,,
0,0Kn,D,KDNpa,p,b,,,,,,,,
"7,8,5,4",dKo,D,KDOpa,p,b,,,,,,,,
"7,8,5",hKo,D,KDOpa,p,b,,,,,,,,
"7,8,4",EKo,D,KDOpa,p,b,,,,,,,,
"7,8",HKo,D,KDOpa,p,b,,,,,,,,
"7,5,4",kKo,D,KDOpa,p,b,,,,,,,,
"7,5",qKo,D,KDOpa,p,b,,,,,,,,
"7,4",KKo,D,KDOpa,p,b,,,,,,,,
7,7Ko,D,KDOpa,p,b,,,,,,,,
"8,5,4",jKo,D,KDOpa,p,b,,,,,,,,
"8,5",pKo,D,KDOpa,p,b,,,,,,,,
"8,4",JKo,D,KDOpa,p,b,,,,,,,,
8,8Ko,D,KDOpa,p,b,,,,,,,,
"5,4",sKo,D,KDOpa,p,b,,,,,,,,
5,5Ko,D,KDOpa,p,b,,,,,,,,
4,4Ko,D,KDOpa,p,b,,,,,,,,
2,2Ko,D,KDOpa,p,b,,,,,,,,
0,0Ko,D,KDOpa,p,b,,,,,,,,
"9,8,7,5,4",aKN,D,KDNpa,p,a,,,,,,,,
"9,8,7,5",bKN,D,KDNpa,p,a,,,,,,,,
"9,8,7,4",AKN,D,KDNpa,p,a,,,,,,,,
"9,8,7",BKN,D,KDNpa,p,a,,,,,,,,
"9,8,5,4",zKN,D,KDNpa,p,a,,,,,,,,
"9,8,5",fKN,D,KDNpa,p,a,,,,,,,,
"9,8,4",CKN,D,KDNpa,p,a,,,,,,,,
"9,8",FKN,D,KDNpa,p,a,,,,,,,,
"9,7,5,4",cKN,D,KDNpa,p,a,,,,,,,,
"9,7,5",gKN,D,KDNpa,p,a,,,,,,,,
"9,7,4",DKN,D,KDNpa,p,a,,,,,,,,
"9,7",GKN,D,KDNpa,p,a,,,,,,,,
"9,5,4",iKN,D,KDNpa,p,a,,,,,,,,
"9,5",oKN,D,KDNpa,p,a,,,,,,,,
"9,4",IKN,D,KDNpa,p,a,,,,,,,,
9,9KN,D,KDNpa,p,a,,,,,,,,
"8,7,5,4",dKN,D,KDNpa,p,a,,,,,,,,
"8,7,5",hKN,D,KDNpa,p,a,,,,,,,,
"8,7,4",EKN,D,KDNpa,p,a,,,,,,,,
"8,7",HKN,D,KDNpa,p,a,,,,,,,,
"8,5,4",jKN,D,KDNpa,p,a,,,,,,,,
"8,5",pKN,D,KDNpa,p,a,,,,,,,,
"8,4",JKN,D,KDNpa,p,a,,,,,,,,
8,8KN,D,KDNpa,p,a,,,,,,,,
"7,5,4",kKN,D,KDNpa,p,a,,,,,,,,
"7,5",qKN,D,KDNpa,p,a,,,,,,,,
"7,4",KKN,D,KDNpa,p,a,,,,,,,,
7,7KN,D,KDNpa,p,a,,,,,,,,
"5,4",sKN,D,KDNpa,p,a,,,,,,,,
5,5KN,D,KDNpa,p,a,,,,,,,,
4,4KN,D,KDNpa,p,a,,,,,,,,
2,2KN,D,KDNpa,p,a,,,,,,,,
0,0KN,D,KDNpa,p,a,,,,,,,,
"4,5,7,8",dKO,D,KDOpa,p,a,,,,,,,,
"4,5,7",kKO,D,KDOpa,p,a,,,,,,,,
"4,5,8",jKO,D,KDOpa,p,a,,,,,,,,
"4,5",sKO,D,KDOpa,p,a,,,,,,,,
"4,7,8",EKO,D,KDOpa,p,a,,,,,,,,
"4,7",KKO,D,KDOpa,p,a,,,,,,,,
"4,8",JKO,D,KDOpa,p,a,,,,,,,,
4,4KO,D,KDOpa,p,a,,,,,,,,
"5,7,8",hKO,D,KDOpa,p,a,,,,,,,,
"5,7",qKO,D,KDOpa,p,a,,,,,,,,
"5,8",pKO,D,KDOpa,p,a,,,,,,,,
5,5KO,D,KDOpa,p,a,,,,,,,,
"7,8",HKO,D,KDOpa,p,a,,,,,,,,
7,7KO,D,KDOpa,p,a,,,,,,,,
8,8KO,D,KDOpa,p,a,,,,,,,,
2,2KO,D,KDOpa,p,a,,,,,,,,
0,0KO,D,KDOpa,p,a,,,,,,,,
"3,2",Zan,L,AraN,p,b,,,,,,,,
3,3an,L,AraN,p,b,,,,,,,,
2,2an,L,AraN,p,b,,,,,,,,
1,1an,L,AraN,p,b,,,,,,,,
0,0an,L,AraN,p,b,,,,,,,,
"8,4",Jec,L,Aci,p,b,,,,,,,,
8,8ec,L,Aci,p,b,,,,,,,,
4,4ec,L,Aci,p,b,,,,,,,,
2,2ec,L,Aci,p,b,,,,,,,,
0,0ec,L,Aci,p,b,,,,,,,,
"6,5,2,3",eLU,D,Gal,f,b,,,,,,,,
"6,5,2",mLU,D,Gal,f,b,,,,,,,,
"6,5,3",lLU,D,Gal,f,b,,,,,,,,
"6,5",rLU,D,Gal,f,b,,,,,,,,
"6,2,3",SLU,D,Gal,f,b,,,,,,,,
"6,2",XLU,D,Gal,f,b,,,,,,,,
"6,3",VLU,D,Gal,f,b,,,,,,,,
6,6LU,D,Gal,f,b,,,,,,,,
"5,2,3",nLU,D,Gal,f,b,,,,,,,,
"5,2",uLU,D,Gal,f,b,,,,,,,,
"5,3",tLU,D,Gal,f,b,,,,,,,,
5,5LU,D,Gal,f,b,,,,,,,,
"2,3",ZLU,D,Gal,f,b,,,,,,,,
2,2LU,D,Gal,f,b,,,,,,,,
3,3LU,D,Gal,f,b,,,,,,,,
1,1LU,D,Gal,f,b,,,,,,,,
0,0LU,D,Gal,f,b,,,,,,,,
"6,5,2,3",eLU,D,Gal,f,b,,,,,,,,
"6,5,2",mLU,D,Gal,f,b,,,,,,,,
"6,5,3",lLU,D,Gal,f,b,,,,,,,,
"6,5",rLU,D,Gal,f,b,,,,,,,,
"6,2,3",SLU,D,Gal,f,b,,,,,,,,
"6,2",XLU,D,Gal,f,b,,,,,,,,
"6,3",VLU,D,Gal,f,b,,,,,,,,
6,6LU,D,Gal,f,b,,,,,,,,
"5,2,3",nLU,D,Gal,f,b,,,,,,,,
"5,2",uLU,D,Gal,f,b,,,,,,,,
"5,3",tLU,D,Gal,f,b,,,,,,,,
5,5LU,D,Gal,f,b,,,,,,,,
"2,3",ZLU,D,Gal,f,b,,,,,,,,
2,2LU,D,Gal,f,b,,,,,,,,
3,3LU,D,Gal,f,b,,,,,,,,
1,1LU,D,Gal,f,b,,,,,,,,
0,0LU,D,Gal,f,b,,,,,,,,
"7,6,2,3,4",000,D,DDManHep,p,a,,0,,,,,,
"7,6,2,3",001,D,DDManHep,p,a,,1,,,,,,
"7,6,2,4",002,D,DDManHep,p,a,,2,,,,,,
"7,6,2",003,D,DDManHep,p,a,,3,,,,,,
"7,6,3,4",004,D,DDManHep,p,a,,4,,,,,,
"7,6,3",005,D,DDManHep,p,a,,5,,,,,,
"7,6,4",006,D,DDManHep,p,a,,6,,,,,,
"7,6",007,D,DDManHep,p,a,,7,,,,,,
"7,2,3,4",008,D,DDManHep,p,a,,8,,,,,,
"7,2,3",009,D,DDManHep,p,a,,9,,,,,,
"7,2,4",010,D,DDManHep,p,a,,10,,,,,,
"7,2",011,D,DDManHep,p,a,,11,,,,,,
"7,3,4",012,D,DDManHep,p,a,,12,,,,,,
"7,3",013,D,DDManHep,p,a,,13,,,,,,
"7,4",KDH,D,DDManHep,p,a,,,,,,,,
7,7DH,D,DDManHep,p,a,,,,,,,,
"6,2,3,4",PDH,D,DDManHep,p,a,,,,,,,,
"6,2,3",SDH,D,DDManHep,p,a,,,,,,,,
"6,2,4",RDH,D,DDManHep,p,a,,,,,,,,
"6,2",XDH,D,DDManHep,p,a,,,,,,,,
"6,3,4",QDH,D,DDManHep,p,a,,,,,,,,
"6,3",VDH,D,DDManHep,p,a,,,,,,,,
"6,4",UDH,D,DDManHep,p,a,,,,,,,,
6,6DH,D,DDManHep,p,a,,,,,,,,
"2,3,4",TDH,D,DDManHep,p,a,,,,,,,,
"2,3",ZDH,D,DDManHep,p,a,,,,,,,,
"2,4",YDH,D,DDManHep,p,a,,,,,,,,
2,2DH,D,DDManHep,p,a,,,,,,,,
"3,4",WDH,D,DDManHep,p,a,,,,,,,,
3,3DH,D,DDManHep,p,a,,,,,,,,
4,4DH,D,DDManHep,p,a,,,,,,,,
1,1DH,D,DDManHep,p,a,,,,,,,,
0,0DH,D,DDManHep,p,a,,,,,,,,
"8,7,4",Egf,L,Fus,p,b,,,,,,,,
"8,7",Hgf,L,Fus,p,b,,,,,,,,
"8,4",Jgf,L,Fus,p,b,,,,,,,,
8,8gf,L,Fus,p,b,,,,,,,,
"7,4",Kgf,L,Fus,p,b,,,,,,,,
7,7gf,L,Fus,p,b,,,,,,,,
4,4gf,L,Fus,p,b,,,,,,,,
2,2gf,L,Fus,p,b,,,,,,,,
0,0gf,L,Fus,p,b,,,,,,,,
"8,4",JLg,D,Leg,p,b,,,,,,,,
8,8Lg,D,Leg,p,b,,,,,,,,
4,4Lg,D,Leg,p,b,,,,,,,,
2,2Lg,D,Leg,p,b,,,,,,,,
0,0Lg,D,Leg,p,b,,,,,,,,
"8,4",JmP,L,Pse,p,a,,,,,,,,
8,8mP,L,Pse,p,a,,,,,,,,
4,4mP,L,Pse,p,a,,,,,,,,
2,2mP,L,Pse,p,a,,,,,,,,
0,0mP,L,Pse,p,a,,,,,,,,
"7,6,2,3,4",014,D,DDManHep,p,b,,14,,,,,,
"7,6,2,3",015,D,DDManHep,p,b,,15,,,,,,
"7,6,2,4",016,D,DDManHep,p,b,,16,,,,,,
"7,6,2",017,D,DDManHep,p,b,,17,,,,,,
"7,6,3,4",018,D,DDManHep,p,b,,18,,,,,,
"7,6,3",019,D,DDManHep,p,b,,19,,,,,,
"7,6,4",020,D,DDManHep,p,b,,20,,,,,,
"7,6",021,D,DDManHep,p,b,,21,,,,,,
"7,2,3,4",022,D,DDManHep,p,b,,22,,,,,,
"7,2,3",023,D,DDManHep,p,b,,23,,,,,,
"7,2,4",024,D,DDManHep,p,b,,24,,,,,,
"7,2",025,D,DDManHep,p,b,,25,,,,,,
"7,3,4",026,D,DDManHep,p,b,,26,,,,,,
"7,3",027,D,DDManHep,p,b,,27,,,,,,
"7,4",KDh,D,DDManHep,p,b,,,,,,,,
7,7Dh,D,DDManHep,p,b,,,,,,,,
"6,2,3,4",PDh,D,DDManHep,p,b,,,,,,,,
"6,2,3",SDh,D,DDManHep,p,b,,,,,,,,
"6,2,4",RDh,D,DDManHep,p,b,,,,,,,,
"6,2",XDh,D,DDManHep,p,b,,,,,,,,
"6,3,4",QDh,D,DDManHep,p,b,,,,,,,,
"6,3",VDh,D,DDManHep,p,b,,,,,,,,
"6,4",UDh,D,DDManHep,p,b,,,,,,,,
6,6Dh,D,DDManHep,p,b,,,,,,,,
"2,3,4",TDh,D,DDManHep,p,b,,,,,,,,
"2,3",ZDh,D,DDManHep,p,b,,,,,,,,
"2,4",YDh,D,DDManHep,p,b,,,,,,,,
2,2Dh,D,DDManHep,p,b,,,,,,,,
"3,4",WDh,D,DDManHep,p,b,,,,,,,,
3,3Dh,D,DDManHep,p,b,,,,,,,,
4,4Dh,D,DDManHep,p,b,,,,,,,,
1,1Dh,D,DDManHep,p,b,,,,,,,,
0,0Dh,D,DDManHep,p,b,,,,,,,,
"8,7,3,4,5",028,D,KO,p,a,,28,,,,,,
"8,7,3,4",029,D,KO,p,a,,29,,,,,,
"8,7,3,5",030,D,KO,p,a,,30,,,,,,
"8,7,3",031,D,KO,p,a,,31,,,,,,
"8,7,4,5",dKX,D,KO,p,a,,,,,,,,
"8,7,4",EKX,D,KO,p,a,,,,,,,,
"8,7,5",hKX,D,KO,p,a,,,,,,,,
"8,7",HKX,D,KO,p,a,,,,,,,,
"8,3,4,5",032,D,KO,p,a,,32,,,,,,
"8,3,4",033,D,KO,p,a,,33,,,,,,
"8,3,5",034,D,KO,p,a,,34,,,,,,
"8,3",035,D,KO,p,a,,35,,,,,,
"8,4,5",jKX,D,KO,p,a,,,,,,,,
"8,4",JKX,D,KO,p,a,,,,,,,,
"8,5",pKX,D,KO,p,a,,,,,,,,
8,8KX,D,KO,p,a,,,,,,,,
"7,3,4,5",036,D,KO,p,a,,36,,,,,,
"7,3,4",037,D,KO,p,a,,37,,,,,,
"7,3,5",038,D,KO,p,a,,38,,,,,,
"7,3",039,D,KO,p,a,,39,,,,,,
"7,4,5",kKX,D,KO,p,a,,,,,,,,
"7,4",KKX,D,KO,p,a,,,,,,,,
"7,5",qKX,D,KO,p,a,,,,,,,,
7,7KX,D,KO,p,a,,,,,,,,
"3,4,5",xKX,D,KO,p,a,,,,,,,,
"3,4",WKX,D,KO,p,a,,,,,,,,
"3,5",tKX,D,KO,p,a,,,,,,,,
3,3KX,D,KO,p,a,,,,,,,,
"4,5",sKX,D,KO,p,a,,,,,,,,
4,4KX,D,KO,p,a,,,,,,,,
5,5KX,D,KO,p,a,,,,,,,,
2,2KX,D,KO,p,a,,,,,,,,
0,0KX,D,KO,p,a,,,,,,,,
"7,6,2,3,4",040,D,LDManHep,p,a,,40,,,,,,
"7,6,2,3",041,D,LDManHep,p,a,,41,,,,,,
"7,6,2,4",042,D,LDManHep,p,a,,42,,,,,,
"7,6,2",043,D,LDManHep,p,a,,43,,,,,,
"7,6,3,4",044,D,LDManHep,p,a,,44,,,,,,
"7,6,3",045,D,LDManHep,p,a,,45,,,,,,
"7,6,4",046,D,LDManHep,p,a,,46,,,,,,
"7,6",047,D,LDManHep,p,a,,47,,,,,,
"7,2,3,4",048,D,LDManHep,p,a,,48,,,,,,
"7,2,3",049,D,LDManHep,p,a,,49,,,,,,
"7,2,4",050,D,LDManHep,p,a,,50,,,,,,
"7,2",051,D,LDManHep,p,a,,51,,,,,,
"7,3,4",052,D,LDManHep,p,a,,52,,,,,,
"7,3",053,D,LDManHep,p,a,,53,,,,,,
"7,4",KLH,D,LDManHep,p,a,,,,,,,,
7,7LH,D,LDManHep,p,a,,,,,,,,
"6,2,3,4",PLH,D,LDManHep,p,a,,,,,,,,
"6,2,3",SLH,D,LDManHep,p,a,,,,,,,,
"6,2,4",RLH,D,LDManHep,p,a,,,,,,,,
"6,2",XLH,D,LDManHep,p,a,,,,,,,,
"6,3,4",QLH,D,LDManHep,p,a,,,,,,,,
"6,3",VLH,D,LDManHep,p,a,,,,,,,,
"6,4",ULH,D,LDManHep,p,a,,,,,,,,
6,6LH,D,LDManHep,p,a,,,,,,,,
"2,3,4",TLH,D,LDManHep,p,a,,,,,,,,
"2,3",ZLH,D,LDManHep,p,a,,,,,,,,
"2,4",YLH,D,LDManHep,p,a,,,,,,,,
2,2LH,D,LDManHep,p,a,,,,,,,,
"3,4",WLH,D,LDManHep,p,a,,,,,,,,
3,3LH,D,LDManHep,p,a,,,,,,,,
4,4LH,D,LDManHep,p,a,,,,,,,,
1,1LH,D,LDManHep,p,a,,,,,,,,
0,0LH,D,LDManHep,p,a,,,,,,,,
"8,4",Jmp,L,Pse,p,b,,,,,,,,
8,8mp,L,Pse,p,b,,,,,,,,
4,4mp,L,Pse,p,b,,,,,,,,
2,2mp,L,Pse,p,b,,,,,,,,
0,0mp,L,Pse,p,b,,,,,,,,
"8,4",JeC,L,Aci,p,a,,,,,,,,
8,8eC,L,Aci,p,a,,,,,,,,
4,4eC,L,Aci,p,a,,,,,,,,
2,2eC,L,Aci,p,a,,,,,,,,
0,0eC,L,Aci,p,a,,,,,,,,
"6,5,2,3",eLD,D,Gal,f,a,,,,,,,,
"6,5,2",mLD,D,Gal,f,a,,,,,,,,
"6,5,3",lLD,D,Gal,f,a,,,,,,,,
"6,5",rLD,D,Gal,f,a,,,,,,,,
"6,2,3",SLD,D,Gal,f,a,,,,,,,,
"6,2",XLD,D,Gal,f,a,,,,,,,,
"6,3",VLD,D,Gal,f,a,,,,,,,,
6,6LD,D,Gal,f,a,,,,,,,,
"5,2,3",nLD,D,Gal,f,a,,,,,,,,
"5,2",uLD,D,Gal,f,a,,,,,,,,
"5,3",tLD,D,Gal,f,a,,,,,,,,
5,5LD,D,Gal,f,a,,,,,,,,
"2,3",ZLD,D,Gal,f,a,,,,,,,,
2,2LD,D,Gal,f,a,,,,,,,,
3,3LD,D,Gal,f,a,,,,,,,,
1,1LD,D,Gal,f,a,,,,,,,,
0,0LD,D,Gal,f,a,,,,,,,,
"6,5,2,3",eLD,D,Gal,f,a,,,,,,,,
"6,5,2",mLD,D,Gal,f,a,,,,,,,,
"6,5,3",lLD,D,Gal,f,a,,,,,,,,
"6,5",rLD,D,Gal,f,a,,,,,,,,
"6,2,3",SLD,D,Gal,f,a,,,,,,,,
"6,2",XLD,D,Gal,f,a,,,,,,,,
"6,3",VLD,D,Gal,f,a,,,,,,,,
6,6LD,D,Gal,f,a,,,,,,,,
"5,2,3",nLD,D,Gal,f,a,,,,,,,,
"5,2",uLD,D,Gal,f,a,,,,,,,,
"5,3",tLD,D,Gal,f,a,,,,,,,,
5,5LD,D,Gal,f,a,,,,,,,,
"2,3",ZLD,D,Gal,f,a,,,,,,,,
2,2LD,D,Gal,f,a,,,,,,,,
3,3LD,D,Gal,f,a,,,,,,,,
1,1LD,D,Gal,f,a,,,,,,,,
0,0LD,D,Gal,f,a,,,,,,,,
"7,6,2,3,4",054,D,LDManHep,p,b,,54,,,,,,
"7,6,2,3",055,D,LDManHep,p,b,,55,,,,,,
"7,6,2,4",056,D,LDManHep,p,b,,56,,,,,,
"7,6,2",057,D,LDManHep,p,b,,57,,,,,,
"7,6,3,4",058,D,LDManHep,p,b,,58,,,,,,
"7,6,3",059,D,LDManHep,p,b,,59,,,,,,
"7,6,4",060,D,LDManHep,p,b,,60,,,,,,
"7,6",061,D,LDManHep,p,b,,61,,,,,,
"7,2,3,4",062,D,LDManHep,p,b,,62,,,,,,
"7,2,3",063,D,LDManHep,p,b,,63,,,,,,
"7,2,4",064,D,LDManHep,p,b,,64,,,,,,
"7,2",065,D,LDManHep,p,b,,65,,,,,,
"7,3,4",066,D,LDManHep,p,b,,66,,,,,,
"7,3",067,D,LDManHep,p,b,,67,,,,,,
"7,4",KLh,D,LDManHep,p,b,,,,,,,,
7,7Lh,D,LDManHep,p,b,,,,,,,,
"6,2,3,4",PLh,D,LDManHep,p,b,,,,,,,,
"6,2,3",SLh,D,LDManHep,p,b,,,,,,,,
"6,2,4",RLh,D,LDManHep,p,b,,,,,,,,
"6,2",XLh,D,LDManHep,p,b,,,,,,,,
"6,3,4",QLh,D,LDManHep,p,b,,,,,,,,
"6,3",VLh,D,LDManHep,p,b,,,,,,,,
"6,4",ULh,D,LDManHep,p,b,,,,,,,,
6,6Lh,D,LDManHep,p,b,,,,,,,,
"2,3,4",TLh,D,LDManHep,p,b,,,,,,,,
"2,3",ZLh,D,LDManHep,p,b,,,,,,,,
"2,4",YLh,D,LDManHep,p,b,,,,,,,,
2,2Lh,D,LDManHep,p,b,,,,,,,,
"3,4",WLh,D,LDManHep,p,b,,,,,,,,
3,3Lh,D,LDManHep,p,b,,,,,,,,
4,4Lh,D,LDManHep,p,b,,,,,,,,
1,1Lh,D,LDManHep,p,b,,,,,,,,
0,0Lh,D,LDManHep,p,b,,,,,,,,
"4,6",UMR,D,MurNAc,p,a,,,,,,,,
4,4MR,D,MurNAc,p,a,,,,,,,,
6,6MR,D,MurNAc,p,a,,,,,,,,
1,1MR,D,MurNAc,p,a,,,,,,,,
0,0MR,D,MurNAc,p,a,,,,,,,,